ISTASYON,PROJE_ADI,PROJE_ASAMA,HAT_TURU,MUDURLUK,display_name
Mehmet Akif,T1 Kabataş - Bağcılar Tramvay Hattı,Mevcut Hattaki İstasyon,Tramvay,Avrupa Yakası Raylı Sistemler Müdürlüğü,"Bahçelievler Mahallesi, Bahçelievler, İstanbul, Marmara Bölgesi, 34180, Türkiye"
Soğanlık,M4 Kadıköy - SGH Metro Hattı,Mevcut Hattaki İstasyon,Metro,Anadolu Yakası Raylı Sistemler Müdürlüğü,"Soğanlık Yeni Mahalle, Kartal, İstanbul, Marmara Bölgesi, Türkiye"
Aksaray,M1A Yenikapı - Atatürk Havalimanı Metro Hattı,Mevcut Hattaki İstasyon,Metro,Avrupa Yakası Raylı Sistemler Müdürlüğü,"İskenderpaşa Mahallesi, Fatih, İstanbul, Marmara Bölgesi, 34120, Türkiye"
Olimpiyat,M9 Bahariye - Olimpiyat Metro Hattı,Mevcut Hattaki İstasyon,Metro,Avrupa Yakası Raylı Sistemler Müdürlüğü,"Ziya Gökalp Mahallesi, Başakşehir, İstanbul, Marmara Bölgesi, Türkiye"
Sağmalcılar-Pancar Motor,T4 Topkapı - Mescid-i Selam Tramvay Hattı,Mevcut Hattaki İstasyon,Tramvay,Avrupa Yakası Raylı Sistemler Müdürlüğü,"Merkez Mahallesi, Gaziosmanpaşa, İstanbul, Marmara Bölgesi, Türkiye"
Karadeniz,T4 Topkapı - Mescid-i Selam Tramvay Hattı,Mevcut Hattaki İstasyon,Tramvay,Avrupa Yakası Raylı Sistemler Müdürlüğü,"Karadeniz Mahallesi, Gaziosmanpaşa, İstanbul, Marmara Bölgesi, Türkiye"
Bakırköy,Halkalı - Gebze Marmaray Yüzeysel Raylı Sistem Hattı,Mevcut Hattaki İstasyon,Banliyö,Ulaştırma Bakanlığı,"Zeytinlik Mahallesi, Bakırköy, İstanbul, Marmara Bölgesi, 34140, Türkiye"
Erenköy,Halkalı - Gebze Marmaray Yüzeysel Raylı Sistem Hattı,Mevcut Hattaki İstasyon,Banliyö,Ulaştırma Bakanlığı,"Erenköy Mahallesi, İstanbul, Marmara Bölgesi, 34738, Türkiye"
Pendik,M4 Kadıköy - SGH Metro Hattı,Mevcut Hattaki İstasyon,Metro,Anadolu Yakası Raylı Sistemler Müdürlüğü,"Çınardere Mahallesi, Pendik, İstanbul, Marmara Bölgesi, 34896, Türkiye"
Yakacık - Adnan Kahveci,M4 Kadıköy - SGH Metro Hattı,Mevcut Hattaki İstasyon,Metro,Anadolu Yakası Raylı Sistemler Müdürlüğü,"Cumhuriyet Mahallesi, Kartal, İstanbul, Marmara Bölgesi, 34876, Türkiye"
Güzelyalı,Halkalı - Gebze Marmaray Yüzeysel Raylı Sistem Hattı,Mevcut Hattaki İstasyon,Banliyö,Ulaştırma Bakanlığı,"Güzelyalı Mahallesi, Pendik, İstanbul, Marmara Bölgesi, Türkiye"
Çarşı,M5 Üsküdar - Çekmeköy Metro Hattı,Mevcut Hattaki İstasyon,Metro,Anadolu Yakası Raylı Sistemler Müdürlüğü,"Yamanevler Mahallesi, Ümraniye, İstanbul, Marmara Bölgesi, Türkiye"
İdealtepe,Halkalı - Gebze Marmaray Yüzeysel Raylı Sistem Hattı,Mevcut Hattaki İstasyon,Banliyö,Ulaştırma Bakanlığı,"İdealtepe Mahallesi, İstanbul, Marmara Bölgesi, Türkiye"
Üsküdar,M5 Üsküdar - Çekmeköy Metro Hattı,Mevcut Hattaki İstasyon,Metro,Anadolu Yakası Raylı Sistemler Müdürlüğü,"Mimar Sinan Mahallesi, Üsküdar, İstanbul, Marmara Bölgesi, Türkiye"
Göztepe Mah.,M7 Yıldız - Mahmutbey Metro Hattı,Mevcut Hattaki İstasyon,Metro,Avrupa Yakası Raylı Sistemler Müdürlüğü,"Fatih Mahallesi, Bağcılar, İstanbul, Marmara Bölgesi, Türkiye"
Altıyol,T3 Kadıköy - Moda Nostaljik Tramvay Hattı,Mevcut Hattaki İstasyon,Tramvay,Anadolu Yakası Raylı Sistemler Müdürlüğü,"Osmanağa Mahallesi, İstanbul, Marmara Bölgesi, 34714, Türkiye"
Güngören,T1 Kabataş - Bağcılar Tramvay Hattı,Mevcut Hattaki İstasyon,Tramvay,Avrupa Yakası Raylı Sistemler Müdürlüğü,"Güven Mahallesi, Güngören, İstanbul, Marmara Bölgesi, 34160, Türkiye"
Üniversite,T5 Eminönü - Alibeyköy Cep Otogarı Tramvay Hattı,Mevcut Hattaki İstasyon,Tramvay,Avrupa Yakası Raylı Sistemler Müdürlüğü,"Sakarya Mahallesi, Eyüpsultan, İstanbul, Marmara Bölgesi, Türkiye"
Alibeyköy Merkez,T5 Eminönü - Alibeyköy Cep Otogarı Tramvay Hattı,Mevcut Hattaki İstasyon,Tramvay,Avrupa Yakası Raylı Sistemler Müdürlüğü,"Alibeyköy Mahallesi, Eyüpsultan, İstanbul, Marmara Bölgesi, Türkiye"
Alibeyköy Metro,T5 Eminönü - Alibeyköy Cep Otogarı Tramvay Hattı,Mevcut Hattaki İstasyon,Tramvay,Avrupa Yakası Raylı Sistemler Müdürlüğü,"Alibeyköy Mahallesi, Eyüpsultan, İstanbul, Marmara Bölgesi, Türkiye"
Alibeyköy Cep Otogarı,Eminönü - Eyüp - Alibeyköy Tramvay Hattı,Mevcut Hattaki İstasyon,Tramvay,Avrupa Yakası Raylı Sistemler Müdürlüğü,"Alibeyköy Mahallesi, Eyüpsultan, İstanbul, Marmara Bölgesi, Türkiye"
Cibali,T5 Eminönü - Alibeyköy Cep Otogarı Tramvay Hattı,Mevcut Hattaki İstasyon,Tramvay,Avrupa Yakası Raylı Sistemler Müdürlüğü,"Cibali Mahallesi, Fatih, İstanbul, Marmara Bölgesi, Türkiye"
Fetihkapı,T4 Topkapı - Mescid-i Selam Tramvay Hattı,Mevcut Hattaki İstasyon,Tramvay,Avrupa Yakası Raylı Sistemler Müdürlüğü,"Maltepe Mahallesi, Zeytinburnu, İstanbul, Marmara Bölgesi, 34010, Türkiye"
Sanayi Mah.,M2 Yenikapı Seyrantepe - Hacıosman Metro Hattı,Mevcut Hattaki İstasyon,Metro,Avrupa Yakası Raylı Sistemler Müdürlüğü,"Huzur Mahallesi, Sarıyer, İstanbul, Marmara Bölgesi, 34485, Türkiye"
Tophane,T1 Kabataş - Bağcılar Tramvay Hattı,Mevcut Hattaki İstasyon,Tramvay,Raylı Sistem Projeler Müdürlüğü,"Kılıçali Paşa Mahallesi, İstanbul, Marmara Bölgesi, 34427, Türkiye"
Kirazlı,M3 Kirazlı - Kayaşehir Merkez Metro Hattı,Mevcut Hattaki İstasyon,Metro,Avrupa Yakası Raylı Sistemler Müdürlüğü,"Kirazlı Mahallesi, İstanbul, Marmara Bölgesi, Türkiye"
Gülhane,T1 Kabataş - Bağcılar Tramvay Hattı,Mevcut Hattaki İstasyon,Tramvay,Avrupa Yakası Raylı Sistemler Müdürlüğü,"Hocapaşa Mahallesi, Fatih, İstanbul, Marmara Bölgesi, Türkiye"
Siteler,M3 Kirazlı - Kayaşehir Merkez Metro Hattı,Mevcut Hattaki İstasyon,Metro,Avrupa Yakası Raylı Sistemler Müdürlüğü,"Organize Sanayi Bölgesi Mahallesi, İstanbul, Marmara Bölgesi, Türkiye"
Bahariye,T3 Kadıköy - Moda Nostaljik Tramvay Hattı,Mevcut Hattaki İstasyon,Tramvay,Anadolu Yakası Raylı Sistemler Müdürlüğü,"Caferağa Mahallesi, İstanbul, Marmara Bölgesi, 34710, Türkiye"
Levent,M2 Yenikapı Seyrantepe - Hacıosman Metro Hattı,Mevcut Hattaki İstasyon,Metro,Avrupa Yakası Raylı Sistemler Müdürlüğü,"Esentepe Mahallesi, Şişli, İstanbul, Marmara Bölgesi, Türkiye"
Topkapı,T1 Kabataş - Bağcılar Tramvay Hattı,Mevcut Hattaki İstasyon,Tramvay,Avrupa Yakası Raylı Sistemler Müdürlüğü,"Merkezefendi Mahallesi, Zeytinburnu, İstanbul, Marmara Bölgesi, Türkiye"
Merkezefendi,T1 Kabataş - Bağcılar Tramvay Hattı,Mevcut Hattaki İstasyon,Tramvay,Avrupa Yakası Raylı Sistemler Müdürlüğü,"Merkezefendi Mahallesi, Zeytinburnu, İstanbul, Marmara Bölgesi, Türkiye"
Yavuz Selim Camii,T1 Kabataş - Bağcılar Tramvay Hattı,Mevcut Hattaki İstasyon,Tramvay,Avrupa Yakası Raylı Sistemler Müdürlüğü,"Güneştepe Mahallesi, Güngören, İstanbul, Marmara Bölgesi, Türkiye"
Yeşilyurt,Halkalı - Gebze Marmaray Yüzeysel Raylı Sistem Hattı,Mevcut Hattaki İstasyon,Banliyö,Ulaştırma Bakanlığı,"Yeşilköy Mahallesi, Bakırköy, İstanbul, Marmara Bölgesi, Türkiye"
Tersane,Halkalı - Gebze Marmaray Yüzeysel Raylı Sistem Hattı,Mevcut Hattaki İstasyon,Banliyö,Ulaştırma Bakanlığı,"Güzelyalı Mahallesi, Pendik, İstanbul, Marmara Bölgesi, Türkiye"
Halkalı,Halkalı - Gebze Marmaray Yüzeysel Raylı Sistem Hattı,Mevcut Hattaki İstasyon,Banliyö,Ulaştırma Bakanlığı,"İstasyon Mahallesi, Küçükçekmece, İstanbul, Marmara Bölgesi, Türkiye"
Mahmutbey,M7 Yıldız - Mahmutbey Metro Hattı,Mevcut Hattaki İstasyon,Metro,Avrupa Yakası Raylı Sistemler Müdürlüğü,"Göztepe Mahallesi, Bağcılar, İstanbul, Marmara Bölgesi, Türkiye"
Ünalan,M4 Kadıköy - SGH Metro Hattı,Mevcut Hattaki İstasyon,Metro,Anadolu Yakası Raylı Sistemler Müdürlüğü,"Ünalan Mahallesi, Üsküdar, İstanbul, Marmara Bölgesi, 34700, Türkiye"
Fener,T5 Eminönü - Alibeyköy Cep Otogarı Tramvay Hattı,Mevcut Hattaki İstasyon,Tramvay,Avrupa Yakası Raylı Sistemler Müdürlüğü,"Yavuz Sultan Selim Mahallesi, Fatih, İstanbul, Marmara Bölgesi, Türkiye"
Yenimahalle,T4 Topkapı - Mescid-i Selam Tramvay Hattı,Mevcut Hattaki İstasyon,Tramvay,Avrupa Yakası Raylı Sistemler Müdürlüğü,"Uğurmumcu Mahallesi, Cebeci Köyü, Sultangazi, İstanbul, Marmara Bölgesi, 34265, Türkiye"
Otogar,M1A Yenikapı - Atatürk Havalimanı Metro Hattı,Mevcut Hattaki İstasyon,Metro,Avrupa Yakası Raylı Sistemler Müdürlüğü,"Altıntepsi Mahallesi, İstanbul, Marmara Bölgesi, Türkiye"
Habibler,T4 Topkapı - Mescid-i Selam Tramvay Hattı,Mevcut Hattaki İstasyon,Tramvay,Avrupa Yakası Raylı Sistemler Müdürlüğü,"Habipler Mahallesi, Cebeci Köyü, Sultangazi, İstanbul, Marmara Bölgesi, 34270, Türkiye"
Başak Konutları,M3 Kirazlı - Kayaşehir Merkez Metro Hattı,Mevcut Hattaki İstasyon,Metro,Avrupa Yakası Raylı Sistemler Müdürlüğü,"Organize Sanayi Bölgesi Mahallesi, İstanbul, Marmara Bölgesi, Türkiye"
4. Levent,M2 Yenikapı Seyrantepe - Hacıosman Metro Hattı,Mevcut Hattaki İstasyon,Metro,Avrupa Yakası Raylı Sistemler Müdürlüğü,"Emniyetevleri Mahallesi, Kağıthane, İstanbul, Marmara Bölgesi, 34415, Türkiye"
Esenler,M1A Yenikapı - Atatürk Havalimanı Metro Hattı,Mevcut Hattaki İstasyon,Metro,Avrupa Yakası Raylı Sistemler Müdürlüğü,"Yavuz Selim Mahallesi, Esenler, İstanbul, Marmara Bölgesi, Türkiye"
Mühürdar,T3 Kadıköy - Moda Nostaljik Tramvay Hattı,Mevcut Hattaki İstasyon,Tramvay,Anadolu Yakası Raylı Sistemler Müdürlüğü,"Caferağa Mahallesi, İstanbul, Marmara Bölgesi, 34710, Türkiye"
Kocatepe,M1A Yenikapı - Atatürk Havalimanı Metro Hattı,Mevcut Hattaki İstasyon,Metro,Avrupa Yakası Raylı Sistemler Müdürlüğü,"Kocatepe Mahallesi, Bayrampaşa, İstanbul, Marmara Bölgesi, 34045, Türkiye"
Taşköprü,T4 Topkapı - Mescid-i Selam Tramvay Hattı,Mevcut Hattaki İstasyon,Tramvay,Avrupa Yakası Raylı Sistemler Müdürlüğü,"Barbaros Hayrettin Paşa, Gaziosmanpaşa, İstanbul, Marmara Bölgesi, Türkiye"
Etiler,M6 Levent - Boğaziçi Ünv./Hisarüstü Metro Hattı,Mevcut Hattaki İstasyon,Metro,Avrupa Yakası Raylı Sistemler Müdürlüğü,"Etiler Mahallesi, İstanbul, Marmara Bölgesi, 34337, Türkiye"
Suadiye,Halkalı - Gebze Marmaray Yüzeysel Raylı Sistem Hattı,Mevcut Hattaki İstasyon,Banliyö,Ulaştırma Bakanlığı,"Suadiye Mahallesi, Kadıköy, İstanbul, Marmara Bölgesi, Türkiye"
Bostancı,Halkalı - Gebze Marmaray Yüzeysel Raylı Sistem Hattı,Mevcut Hattaki İstasyon,Banliyö,Ulaştırma Bakanlığı,"Bostancı Mahallesi, İstanbul, Marmara Bölgesi, 34744, Türkiye"
Oruc Reis,M7 Yıldız - Mahmutbey Metro Hattı,Mevcut Hattaki İstasyon,Metro,Avrupa Yakası Raylı Sistemler Müdürlüğü,"Oruçreis Mahallesi, Esenler, İstanbul, Marmara Bölgesi, 34235, Türkiye"
Çırçır,M7 Yıldız - Mahmutbey Metro Hattı,Mevcut Hattaki İstasyon,Metro,Ulaşım Planlama Müdürlüğü,"Çırçır Mahallesi, Eyüpsultan, İstanbul, Marmara Bölgesi, Türkiye"
Mustafa Kemal,Halkalı - Gebze Marmaray Yüzeysel Raylı Sistem Hattı,Mevcut Hattaki İstasyon,Banliyö,Ulaştırma Bakanlığı,"Kanarya Mahallesi, İstanbul, Marmara Bölgesi, Türkiye"
Sirkeci,T1 Kabataş - Bağcılar Tramvay Hattı,Mevcut Hattaki İstasyon,Tramvay,Avrupa Yakası Raylı Sistemler Müdürlüğü,"Hocapaşa Mahallesi, Fatih, İstanbul, Marmara Bölgesi, Türkiye"
Pazartekke,T1 Kabataş - Bağcılar Tramvay Hattı,Mevcut Hattaki İstasyon,Tramvay,Avrupa Yakası Raylı Sistemler Müdürlüğü,"Topkapı Mahallesi, Fatih, İstanbul, Marmara Bölgesi, 34093, Türkiye"
Kirazlı,M1B Yenikapı - Kirazlı Metro Hattı,Mevcut Hattaki İstasyon,Metro,Avrupa Yakası Raylı Sistemler Müdürlüğü,"Kirazlı Mahallesi, İstanbul, Marmara Bölgesi, Türkiye"
Bayrampaşa,M1A Yenikapı - Atatürk Havalimanı Metro Hattı,Mevcut Hattaki İstasyon,Metro,Avrupa Yakası Raylı Sistemler Müdürlüğü,"Topçular Mahallesi, Eyüpsultan, İstanbul, Marmara Bölgesi, 34055, Türkiye"
Eyüpsultan Teleferik,T5 Eminönü - Alibeyköy Cep Otogarı Tramvay Hattı,Mevcut Hattaki İstasyon,Tramvay,Avrupa Yakası Raylı Sistemler Müdürlüğü,"Merkez Mahallesi, Eyüpsultan, İstanbul, Marmara Bölgesi, 0000, Türkiye"
İTÜ Ayazağa,M2 Yenikapı Seyrantepe - Hacıosman Metro Hattı,Mevcut Hattaki İstasyon,Metro,Avrupa Yakası Raylı Sistemler Müdürlüğü,"Reşitpaşa Mahallesi, Sarıyer, İstanbul, Marmara Bölgesi, 34467, Türkiye"
Yenikapı,M1A Yenikapı - Atatürk Havalimanı Metro Hattı,Mevcut Hattaki İstasyon,Metro,Avrupa Yakası Raylı Sistemler Müdürlüğü,"Aksaray Mahallesi, Fatih, İstanbul, Marmara Bölgesi, 34096, Türkiye"
Damga Sk.,T3 Kadıköy - Moda Nostaljik Tramvay Hattı,Mevcut Hattaki İstasyon,Tramvay,Anadolu Yakası Raylı Sistemler Müdürlüğü,"Caferağa Mahallesi, İstanbul, Marmara Bölgesi, 34710, Türkiye"
Gayrettepe,M2 Yenikapı Seyrantepe - Hacıosman Metro Hattı,Mevcut Hattaki İstasyon,Metro,Avrupa Yakası Raylı Sistemler Müdürlüğü,"Esentepe Mahallesi, Şişli, İstanbul, Marmara Bölgesi, Türkiye"
Edirnekapı,T4 Topkapı - Mescid-i Selam Tramvay Hattı,Mevcut Hattaki İstasyon,Tramvay,Avrupa Yakası Raylı Sistemler Müdürlüğü,"Topçular Mahallesi, Eyüpsultan, İstanbul, Marmara Bölgesi, 34055, Türkiye"
Kabataş,T1 Kabataş - Bağcılar Tramvay Hattı,Mevcut Hattaki İstasyon,Tramvay,Avrupa Yakası Raylı Sistemler Müdürlüğü,"Ömer Avni Mahallesi, İstanbul, Marmara Bölgesi, Türkiye"
Kabataş,F1 Taksim - Kabataş Füniküler Hattı,Mevcut Hattaki İstasyon,Füniküler,Avrupa Yakası Raylı Sistemler Müdürlüğü,"Ömer Avni Mahallesi, İstanbul, Marmara Bölgesi, Türkiye"
Rami,T4 Topkapı - Mescid-i Selam Tramvay Hattı,Mevcut Hattaki İstasyon,Tramvay,Avrupa Yakası Raylı Sistemler Müdürlüğü,"Rami Yeni Mahalle, Eyüpsultan, İstanbul, Marmara Bölgesi, Türkiye"
Ali Fuat Başgil,T4 Topkapı - Mescid-i Selam Tramvay Hattı,Mevcut Hattaki İstasyon,Tramvay,Avrupa Yakası Raylı Sistemler Müdürlüğü,"Hürriyet Mahallesi, Gaziosmanpaşa, İstanbul, Marmara Bölgesi, Türkiye"
Yenibosna,M1A Yenikapı - Atatürk Havalimanı Metro Hattı,Mevcut Hattaki İstasyon,Metro,Avrupa Yakası Raylı Sistemler Müdürlüğü,"Ataköy 7-8-9-10. Kısım Mahallesi, Bakırköy, İstanbul, Marmara Bölgesi, 34156, Türkiye"
Mahmutbey,M3 Kirazlı - Kayaşehir Merkez Metro Hattı,Mevcut Hattaki İstasyon,Metro,Avrupa Yakası Raylı Sistemler Müdürlüğü,"Göztepe Mahallesi, Bağcılar, İstanbul, Marmara Bölgesi, Türkiye"
Aksaray,T1 Kabataş - Bağcılar Tramvay Hattı,Mevcut Hattaki İstasyon,Tramvay,Avrupa Yakası Raylı Sistemler Müdürlüğü,"Mesihpaşa Mahallesi, Fatih, İstanbul, Marmara Bölgesi, 34419, Türkiye"
Uluyol-Bereç,T4 Topkapı - Mescid-i Selam Tramvay Hattı,Mevcut Hattaki İstasyon,Tramvay,Avrupa Yakası Raylı Sistemler Müdürlüğü,"Merkez Mahallesi, Gaziosmanpaşa, İstanbul, Marmara Bölgesi, Türkiye"
Hacı Şükrü,T4 Topkapı - Mescid-i Selam Tramvay Hattı,Mevcut Hattaki İstasyon,Tramvay,Avrupa Yakası Raylı Sistemler Müdürlüğü,"50. Yıl Mahallesi, Cebeci Köyü, Sultangazi, İstanbul, Marmara Bölgesi, Türkiye"
Cebeci,T4 Topkapı - Mescid-i Selam Tramvay Hattı,Mevcut Hattaki İstasyon,Tramvay,Avrupa Yakası Raylı Sistemler Müdürlüğü,"Cebeci Mahallesi, Sultangazi, İstanbul, Marmara Bölgesi, Türkiye"
Üniversite-Laleli,T1 Kabataş - Bağcılar Tramvay Hattı,Mevcut Hattaki İstasyon,Tramvay,Avrupa Yakası Raylı Sistemler Müdürlüğü,"Mimar Kemalettin Mahallesi, Fatih, İstanbul, Marmara Bölgesi, Türkiye"
Yunus,Halkalı - Gebze Marmaray Yüzeysel Raylı Sistem Hattı,Mevcut Hattaki İstasyon,Banliyö,Ulaştırma Bakanlığı,"Yunus Mahallesi, İstanbul, Marmara Bölgesi, 34873, Türkiye"
Pendik,Halkalı - Gebze Marmaray Yüzeysel Raylı Sistem Hattı,Mevcut Hattaki İstasyon,Banliyö,Ulaştırma Bakanlığı,"Yeni Mahalle, Pendik, İstanbul, Marmara Bölgesi, 34893, Türkiye"
Karadeniz Mah.,M7 Yıldız - Mahmutbey Metro Hattı,Mevcut Hattaki İstasyon,Metro,Avrupa Yakası Raylı Sistemler Müdürlüğü,"Karadeniz Mahallesi, Gaziosmanpaşa, İstanbul, Marmara Bölgesi, Türkiye"
Çakmak,M5 Üsküdar - Çekmeköy Metro Hattı,Mevcut Hattaki İstasyon,Metro,Anadolu Yakası Raylı Sistemler Müdürlüğü,"Saray Mahallesi, Ümraniye, İstanbul, Marmara Bölgesi, 34768, Türkiye"
Kağıthane,M7 Yıldız - Mahmutbey Metro Hattı,Mevcut Hattaki İstasyon,Metro,Avrupa Yakası Raylı Sistemler Müdürlüğü,"Merkez Mahallesi, Kağıthane, İstanbul, Marmara Bölgesi, 34406, Türkiye"
İçmeler,Halkalı - Gebze Marmaray Yüzeysel Raylı Sistem Hattı,Mevcut Hattaki İstasyon,Banliyö,Ulaştırma Bakanlığı,"Evliya Çelebi Mahallesi, Tuzla, İstanbul, Marmara Bölgesi, 34944, Türkiye"
Mecidiyeköy,M7 Yıldız - Mahmutbey Metro Hattı,Mevcut Hattaki İstasyon,Metro,Avrupa Yakası Raylı Sistemler Müdürlüğü,"Fulya Mahallesi, Şişli, İstanbul, Marmara Bölgesi, 34346, Türkiye"
Zeytinburnu,Halkalı - Gebze Marmaray Yüzeysel Raylı Sistem Hattı,Mevcut Hattaki İstasyon,Banliyö,Ulaştırma Bakanlığı,"Kazlıçeşme Mahallesi, Zeytinburnu, İstanbul, Marmara Bölgesi, 34020, Türkiye"
Bahariye,M9 Bahariye - Olimpiyat Metro Hattı,Mevcut Hattaki İstasyon,Metro,Avrupa Yakası Raylı Sistemler Müdürlüğü,"Mehmet Akif Mahallesi, Küçükçekmece, İstanbul, Marmara Bölgesi, Türkiye"
Küçükçekmece,Halkalı - Gebze Marmaray Yüzeysel Raylı Sistem Hattı,Mevcut Hattaki İstasyon,Banliyö,Ulaştırma Bakanlığı,"Cennet Mahallesi, Küçükçekmece, İstanbul, Marmara Bölgesi, Türkiye"
Florya Akvaryum,Halkalı - Gebze Marmaray Yüzeysel Raylı Sistem Hattı,Mevcut Hattaki İstasyon,Banliyö,Ulaştırma Bakanlığı,"Şenlik Mahallesi, Bakırköy, İstanbul, Marmara Bölgesi, 34153, Türkiye"
Süreyya Plajı,Halkalı - Gebze Marmaray Yüzeysel Raylı Sistem Hattı,Mevcut Hattaki İstasyon,Banliyö,Ulaştırma Bakanlığı,"Feyzullah Mahallesi, İstanbul, Marmara Bölgesi, Türkiye"
Çarşı,T3 Kadıköy - Moda Nostaljik Tramvay Hattı,Mevcut Hattaki İstasyon,Tramvay,Avrupa Yakası Raylı Sistemler Müdürlüğü,"Osmanağa Mahallesi, İstanbul, Marmara Bölgesi, 34714, Türkiye"
Darüşşafaka,M2 Yenikapı Seyrantepe - Hacıosman Metro Hattı,Mevcut Hattaki İstasyon,Metro,Avrupa Yakası Raylı Sistemler Müdürlüğü,"Çamlıtepe Mahallesi, İstanbul, Marmara Bölgesi, Türkiye"
Atatürk Oto Sanayi,M2 Yenikapı Seyrantepe - Hacıosman Metro Hattı,Mevcut Hattaki İstasyon,Metro,Avrupa Yakası Raylı Sistemler Müdürlüğü,"Maslak Mahallesi, Sarıyer, İstanbul, Marmara Bölgesi, 34485, Türkiye"
Maltepe,M4 Kadıköy - SGH Metro Hattı,Mevcut Hattaki İstasyon,Metro,Anadolu Yakası Raylı Sistemler Müdürlüğü,"Zümrütevler Mahallesi, İstanbul, Marmara Bölgesi, 34852, Türkiye"
Kilise,T3 Kadıköy - Moda Nostaljik Tramvay Hattı,Mevcut Hattaki İstasyon,Tramvay,Anadolu Yakası Raylı Sistemler Müdürlüğü,"Caferağa Mahallesi, İstanbul, Marmara Bölgesi, 34710, Türkiye"
Moda İlkokulu,T3 Kadıköy - Moda Nostaljik Tramvay Hattı,Mevcut Hattaki İstasyon,Tramvay,Anadolu Yakası Raylı Sistemler Müdürlüğü,"Caferağa Mahallesi, İstanbul, Marmara Bölgesi, 34710, Türkiye"
Çemberlitaş,T1 Kabataş - Bağcılar Tramvay Hattı,Mevcut Hattaki İstasyon,Tramvay,Anadolu Yakası Raylı Sistemler Müdürlüğü,"Molla Fenari, Fatih, İstanbul, Marmara Bölgesi, Türkiye"
Çapa,T1 Kabataş - Bağcılar Tramvay Hattı,Mevcut Hattaki İstasyon,Tramvay,Anadolu Yakası Raylı Sistemler Müdürlüğü,"Şehremini Mahallesi, Fatih, İstanbul, Marmara Bölgesi, 34104, Türkiye"
Demirkapı,T4 Topkapı - Mescid-i Selam Tramvay Hattı,Mevcut Hattaki İstasyon,Tramvay,Avrupa Yakası Raylı Sistemler Müdürlüğü,"Topçular Mahallesi, Eyüpsultan, İstanbul, Marmara Bölgesi, 34055, Türkiye"
Haseki,T1 Kabataş - Bağcılar Tramvay Hattı,Mevcut Hattaki İstasyon,Tramvay,Avrupa Yakası Raylı Sistemler Müdürlüğü,"Molla Gürani Mahallesi, Fatih, İstanbul, Marmara Bölgesi, Türkiye"
Davutpaşa - YTÜ,M1A Yenikapı - Atatürk Havalimanı Metro Hattı,Mevcut Hattaki İstasyon,Metro,Avrupa Yakası Raylı Sistemler Müdürlüğü,"Çiftehavuzlar Mahallesi, Esenler, İstanbul, Marmara Bölgesi, Türkiye"
Yenisahra,M4 Kadıköy - SGH Metro Hattı,Mevcut Hattaki İstasyon,Metro,Anadolu Yakası Raylı Sistemler Müdürlüğü,"Sahrayıcedit Mahallesi, İstanbul, Marmara Bölgesi, Türkiye"
Taksim,F1 Taksim - Kabataş Füniküler Hattı,Mevcut Hattaki İstasyon,Füniküler,Avrupa Yakası Raylı Sistemler Müdürlüğü,"Gümüşsuyu Mahallesi, İstanbul, Marmara Bölgesi, 34437, Türkiye"
Sultanahmet,T1 Kabataş - Bağcılar Tramvay Hattı,Mevcut Hattaki İstasyon,Tramvay,Avrupa Yakası Raylı Sistemler Müdürlüğü,"Alemdar Mahallesi, Fatih, İstanbul, Marmara Bölgesi, Türkiye"
Vatan,T4 Topkapı - Mescid-i Selam Tramvay Hattı,Mevcut Hattaki İstasyon,Tramvay,Avrupa Yakası Raylı Sistemler Müdürlüğü,"Topçular Mahallesi, Eyüpsultan, İstanbul, Marmara Bölgesi, 34055, Türkiye"
Bakırköy,M1A Yenikapı - Atatürk Havalimanı Metro Hattı,Mevcut Hattaki İstasyon,Metro,Avrupa Yakası Raylı Sistemler Müdürlüğü,"Osmaniye Mahallesi, Bakırköy, İstanbul, Marmara Bölgesi, 34146, Türkiye"
Hacıosman,M2 Yenikapı Seyrantepe - Hacıosman Metro Hattı,Mevcut Hattaki İstasyon,Metro,Avrupa Yakası Raylı Sistemler Müdürlüğü,"Çamlıtepe Mahallesi, İstanbul, Marmara Bölgesi, Türkiye"
Vezneciler - İstanbul Ünv.,M2 Yenikapı Seyrantepe - Hacıosman Metro Hattı,Mevcut Hattaki İstasyon,Metro,Avrupa Yakası Raylı Sistemler Müdürlüğü,"Kalenderhane Mahallesi, Fatih, İstanbul, Marmara Bölgesi, 34134, Türkiye"
Yeni Mahalle,M3 Kirazlı - Kayaşehir Merkez Metro Hattı,Mevcut Hattaki İstasyon,Metro,Avrupa Yakası Raylı Sistemler Müdürlüğü,"Yenimahalle Mahallesi, Bağcılar, İstanbul, Marmara Bölgesi, Türkiye"
Bağcılar,T1 Kabataş - Bağcılar Tramvay Hattı,Mevcut Hattaki İstasyon,Tramvay,Avrupa Yakası Raylı Sistemler Müdürlüğü,"Bağcılar Merkez Mahallesi, Bağcılar, İstanbul, Marmara Bölgesi, Türkiye"
Mescid-i Selam,T4 Topkapı - Mescid-i Selam Tramvay Hattı,Mevcut Hattaki İstasyon,Tramvay,Avrupa Yakası Raylı Sistemler Müdürlüğü,"Cebeci Mahallesi, Sultangazi, İstanbul, Marmara Bölgesi, Türkiye"
Haliç,M2 Yenikapı Seyrantepe - Hacıosman Metro Hattı,Mevcut Hattaki İstasyon,Metro,Avrupa Yakası Raylı Sistemler Müdürlüğü,
Bostancı,M4 Kadıköy - SGH Metro Hattı,Mevcut Hattaki İstasyon,Metro,Anadolu Yakası Raylı Sistemler Müdürlüğü,"Bostancı Mahallesi, İstanbul, Marmara Bölgesi, 34744, Türkiye"
Ümraniye,M5 Üsküdar - Çekmeköy Metro Hattı,Mevcut Hattaki İstasyon,Metro,Anadolu Yakası Raylı Sistemler Müdürlüğü,"Tantavi Mahallesi, Ümraniye, İstanbul, Marmara Bölgesi, Türkiye"
Tavşantepe,M4 Kadıköy - SGH Metro Hattı,Mevcut Hattaki İstasyon,Metro,Anadolu Yakası Raylı Sistemler Müdürlüğü,"Dumlupınar Mahallesi, Pendik, İstanbul, Marmara Bölgesi, 34896, Türkiye"
Kazım Karabekir,M7 Yıldız - Mahmutbey Metro Hattı,Mevcut Hattaki İstasyon,Metro,Avrupa Yakası Raylı Sistemler Müdürlüğü,"Mevlana Mahallesi, Gaziosmanpaşa, İstanbul, Marmara Bölgesi, Türkiye"
Ataköy,Halkalı - Gebze Marmaray Yüzeysel Raylı Sistem Hattı,Mevcut Hattaki İstasyon,Banliyö,Ulaştırma Bakanlığı,"Ataköy 2-5-6. Kısım Mahallesi, Bakırköy, İstanbul, Marmara Bölgesi, 34158, Türkiye"
Fıstık Ağacı,M5 Üsküdar - Çekmeköy Metro Hattı,Mevcut Hattaki İstasyon,Metro,Anadolu Yakası Raylı Sistemler Müdürlüğü,"İcadiye Mahallesi, Üsküdar, İstanbul, Marmara Bölgesi, Türkiye"
Veysel Karani  - Akşemsettin,M7 Yıldız - Mahmutbey Metro Hattı,Mevcut Hattaki İstasyon,Metro,Avrupa Yakası Raylı Sistemler Müdürlüğü,"Akşemsettin Mahallesi, Eyüpsultan, İstanbul, Marmara Bölgesi, 34070, Türkiye"
Üsküdar,Halkalı - Gebze Marmaray Yüzeysel Raylı Sistem Hattı,Mevcut Hattaki İstasyon,Banliyö,Ulaştırma Bakanlığı,"Mimar Sinan Mahallesi, Üsküdar, İstanbul, Marmara Bölgesi, Türkiye"
Bağlarbaşı,M5 Üsküdar - Çekmeköy Metro Hattı,Mevcut Hattaki İstasyon,Metro,Anadolu Yakası Raylı Sistemler Müdürlüğü,"Altunizade Mahallesi, Üsküdar, İstanbul, Marmara Bölgesi, Türkiye"
Yeşilköy,Halkalı - Gebze Marmaray Yüzeysel Raylı Sistem Hattı,Mevcut Hattaki İstasyon,Banliyö,Ulaştırma Bakanlığı,"Yeşilköy Mahallesi, Bakırköy, İstanbul, Marmara Bölgesi, Türkiye"
Maltepe,Halkalı - Gebze Marmaray Yüzeysel Raylı Sistem Hattı,Mevcut Hattaki İstasyon,Banliyö,Ulaştırma Bakanlığı,"Bağlarbaşı Mahallesi, İstanbul, Marmara Bölgesi, 34844, Türkiye"
Yenimahalle,M7 Yıldız - Mahmutbey Metro Hattı,Mevcut Hattaki İstasyon,Metro,Avrupa Yakası Raylı Sistemler Müdürlüğü,"Karayolları Mahallesi, Gaziosmanpaşa, İstanbul, Marmara Bölgesi, Türkiye"
Küçükyalı,Halkalı - Gebze Marmaray Yüzeysel Raylı Sistem Hattı,Mevcut Hattaki İstasyon,Banliyö,Ulaştırma Bakanlığı,"Küçükyalı Merkez Mahallesi, İstanbul, Marmara Bölgesi, Türkiye"
Florya,Halkalı - Gebze Marmaray Yüzeysel Raylı Sistem Hattı,Mevcut Hattaki İstasyon,Banliyö,Ulaştırma Bakanlığı,"Basınköy Mahallesi, Bakırköy, İstanbul, Marmara Bölgesi, Türkiye"
Ayrılık Çeşmesi,Halkalı - Gebze Marmaray Yüzeysel Raylı Sistem Hattı,Mevcut Hattaki İstasyon,Banliyö,Ulaştırma Bakanlığı,"Acıbadem Mahallesi, Kadıköy, İstanbul, Marmara Bölgesi, 34718, Türkiye"
Fındıklı,T1 Kabataş - Bağcılar Tramvay Hattı,Mevcut Hattaki İstasyon,Tramvay,Avrupa Yakası Raylı Sistemler Müdürlüğü,"Pürtelaş Hasan Efendi Mahallesi, İstanbul, Marmara Bölgesi, Türkiye"
Karaköy,T1 Kabataş - Bağcılar Tramvay Hattı,Mevcut Hattaki İstasyon,Tramvay,Avrupa Yakası Raylı Sistemler Müdürlüğü,"Kemankeş Karamustafa Paşa Mahallesi, İstanbul, Marmara Bölgesi, Türkiye"
Seyitnizam,T1 Kabataş - Bağcılar Tramvay Hattı,Mevcut Hattaki İstasyon,Tramvay,Avrupa Yakası Raylı Sistemler Müdürlüğü,"Seyitnizam Mahallesi, Zeytinburnu, İstanbul, Marmara Bölgesi, 34015, Türkiye"
Soğanlı,T1 Kabataş - Bağcılar Tramvay Hattı,Mevcut Hattaki İstasyon,Tramvay,Anadolu Yakası Raylı Sistemler Müdürlüğü,"Mareşal Çakmak Mahallesi, Güngören, İstanbul, Marmara Bölgesi, 34160, Türkiye"
Kozyatağı,M4 Kadıköy - SGH Metro Hattı,Mevcut Hattaki İstasyon,Metro,Anadolu Yakası Raylı Sistemler Müdürlüğü,"İçerenköy Mahallesi, İstanbul, Marmara Bölgesi, 34752, Türkiye"
Moda,T3 Kadıköy - Moda Nostaljik Tramvay Hattı,Mevcut Hattaki İstasyon,Tramvay,Anadolu Yakası Raylı Sistemler Müdürlüğü,"Caferağa Mahallesi, İstanbul, Marmara Bölgesi, 34710, Türkiye"
Yusufpaşa,T1 Kabataş - Bağcılar Tramvay Hattı,Mevcut Hattaki İstasyon,Tramvay,Avrupa Yakası Raylı Sistemler Müdürlüğü,"Molla Gürani Mahallesi, Fatih, İstanbul, Marmara Bölgesi, Türkiye"
Şehitlik,T4 Topkapı - Mescid-i Selam Tramvay Hattı,Mevcut Hattaki İstasyon,Tramvay,Avrupa Yakası Raylı Sistemler Müdürlüğü,"Defterdar Mahallesi, Eyüpsultan, İstanbul, Marmara Bölgesi, Türkiye"
Ataköy - Şirinevler,M1A Yenikapı - Atatürk Havalimanı Metro Hattı,Mevcut Hattaki İstasyon,Metro,Avrupa Yakası Raylı Sistemler Müdürlüğü,"Ataköy 7-8-9-10. Kısım Mahallesi, Bakırköy, İstanbul, Marmara Bölgesi, 34156, Türkiye"
Huzurevi,M4 Kadıköy - SGH Metro Hattı,Mevcut Hattaki İstasyon,Metro,Anadolu Yakası Raylı Sistemler Müdürlüğü,"Zümrütevler Mahallesi, İstanbul, Marmara Bölgesi, 34852, Türkiye"
Merter Tekstil Merkezi,T1 Kabataş - Bağcılar Tramvay Hattı,Mevcut Hattaki İstasyon,Tramvay,Avrupa Yakası Raylı Sistemler Müdürlüğü,"Bahçelievler Mahallesi, Bahçelievler, İstanbul, Marmara Bölgesi, 34180, Türkiye"
Menderes,M1B Yenikapı - Kirazlı Metro Hattı,Mevcut Hattaki İstasyon,Metro,Avrupa Yakası Raylı Sistemler Müdürlüğü,"Menderes Mahallesi, Esenler, İstanbul, Marmara Bölgesi, Türkiye"
İstoç,M3 Kirazlı - Kayaşehir Merkez Metro Hattı,Mevcut Hattaki İstasyon,Metro,Avrupa Yakası Raylı Sistemler Müdürlüğü,"Mahmutbey Mahallesi, İstanbul, Marmara Bölgesi, 34218, Türkiye"
Bağcılar Meydan,M1B Yenikapı - Kirazlı Metro Hattı,Mevcut Hattaki İstasyon,Metro,Avrupa Yakası Raylı Sistemler Müdürlüğü,"Yavuzselim Mahallesi, Bağcılar, İstanbul, Marmara Bölgesi, Türkiye"
Kartal,M4 Kadıköy - SGH Metro Hattı,Mevcut Hattaki İstasyon,Metro,Anadolu Yakası Raylı Sistemler Müdürlüğü,"Orta Mahalle, Kartal, İstanbul, Marmara Bölgesi, 34880, Türkiye"
Levent,M6 Levent - Boğaziçi Ünv./Hisarüstü Metro Hattı,Mevcut Hattaki İstasyon,Metro,Avrupa Yakası Raylı Sistemler Müdürlüğü,"Esentepe Mahallesi, Şişli, İstanbul, Marmara Bölgesi, Türkiye"
Bulgurlu,M5 Üsküdar - Çekmeköy Metro Hattı,Mevcut Hattaki İstasyon,Metro,Anadolu Yakası Raylı Sistemler Müdürlüğü,"Bulgurlu Mahallesi, Üsküdar, İstanbul, Marmara Bölgesi, 34696, Türkiye"
Sirkeci,Halkalı - Gebze Marmaray Yüzeysel Raylı Sistem Hattı,Mevcut Hattaki İstasyon,Banliyö,Ulaştırma Bakanlığı,"Hocapaşa Mahallesi, Fatih, İstanbul, Marmara Bölgesi, Türkiye"
Tekstilkent - Giyimkent,M7 Yıldız - Mahmutbey Metro Hattı,Mevcut Hattaki İstasyon,Metro,Avrupa Yakası Raylı Sistemler Müdürlüğü,"Oruçreis Mahallesi, Esenler, İstanbul, Marmara Bölgesi, 34235, Türkiye"
Kısıklı,M5 Üsküdar - Çekmeköy Metro Hattı,Mevcut Hattaki İstasyon,Metro,Anadolu Yakası Raylı Sistemler Müdürlüğü,"Kısıklı Mahallesi, Üsküdar, İstanbul, Marmara Bölgesi, 34762, Türkiye"
Atalar,Halkalı - Gebze Marmaray Yüzeysel Raylı Sistem Hattı,Mevcut Hattaki İstasyon,Banliyö,Ulaştırma Bakanlığı,"Atalar Mahallesi, İstanbul, Marmara Bölgesi, Türkiye"
Çağlayan,M7 Yıldız - Mahmutbey Metro Hattı,Mevcut Hattaki İstasyon,Metro,Avrupa Yakası Raylı Sistemler Müdürlüğü,"Hürriyet Mahallesi, İstanbul, Marmara Bölgesi, Türkiye"
Dudullu,M5 Üsküdar - Çekmeköy Metro Hattı,Mevcut Hattaki İstasyon,Metro,Anadolu Yakası Raylı Sistemler Müdürlüğü,"Yukarı Dudullu Mahallesi, Ümraniye, İstanbul, Marmara Bölgesi, 34775, Türkiye"
Havaalanı,M1A Yenikapı - Atatürk Havalimanı Metro Hattı,Mevcut Hattaki İstasyon,Metro,Avrupa Yakası Raylı Sistemler Müdürlüğü,"Yeşilköy Mahallesi, Bakırköy, İstanbul, Marmara Bölgesi, Türkiye"
Taksim,M2 Yenikapı Seyrantepe - Hacıosman Metro Hattı,Mevcut Hattaki İstasyon,Metro,Avrupa Yakası Raylı Sistemler Müdürlüğü,"Gümüşsuyu Mahallesi, İstanbul, Marmara Bölgesi, 34437, Türkiye"
Zeytinburnu,T1 Kabataş - Bağcılar Tramvay Hattı,Mevcut Hattaki İstasyon,Tramvay,Anadolu Yakası Raylı Sistemler Müdürlüğü,"Osmaniye Mahallesi, Bakırköy, İstanbul, Marmara Bölgesi, 34146, Türkiye"
Güneştepe,T1 Kabataş - Bağcılar Tramvay Hattı,Mevcut Hattaki İstasyon,Tramvay,Anadolu Yakası Raylı Sistemler Müdürlüğü,"Güneştepe Mahallesi, Güngören, İstanbul, Marmara Bölgesi, Türkiye"
Esenler,M1B Yenikapı - Kirazlı Metro Hattı,Mevcut Hattaki İstasyon,Metro,Avrupa Yakası Raylı Sistemler Müdürlüğü,"Yavuz Selim Mahallesi, Esenler, İstanbul, Marmara Bölgesi, Türkiye"
Gülsuyu,M4 Kadıköy - SGH Metro Hattı,Mevcut Hattaki İstasyon,Metro,Anadolu Yakası Raylı Sistemler Müdürlüğü,"Cevizli Mahallesi, İstanbul, Marmara Bölgesi, 34846, Türkiye"
Fındıkzade,T1 Kabataş - Bağcılar Tramvay Hattı,Mevcut Hattaki İstasyon,Tramvay,Avrupa Yakası Raylı Sistemler Müdürlüğü,"Molla Gürani Mahallesi, Fatih, İstanbul, Marmara Bölgesi, Türkiye"
Balat,T5 Eminönü - Alibeyköy Cep Otogarı Tramvay Hattı,Mevcut Hattaki İstasyon,Tramvay,Avrupa Yakası Raylı Sistemler Müdürlüğü,"Ayvansaray Mahallesi, Fatih, İstanbul, Marmara Bölgesi, 34087, Türkiye"
Metris,T4 Topkapı - Mescid-i Selam Tramvay Hattı,Mevcut Hattaki İstasyon,Tramvay,Avrupa Yakası Raylı Sistemler Müdürlüğü,"Oruçreis Mahallesi, Esenler, İstanbul, Marmara Bölgesi, 34235, Türkiye"
Acıbadem,M4 Kadıköy - SGH Metro Hattı,Mevcut Hattaki İstasyon,Metro,Anadolu Yakası Raylı Sistemler Müdürlüğü,"Acıbadem Mahallesi, Kadıköy, İstanbul, Marmara Bölgesi, 34718, Türkiye"
Ayrılık Çeşmesi,M4 Kadıköy - SGH Metro Hattı,Mevcut Hattaki İstasyon,Metro,Anadolu Yakası Raylı Sistemler Müdürlüğü,"Acıbadem Mahallesi, Kadıköy, İstanbul, Marmara Bölgesi, 34718, Türkiye"
Rumeli Hisarüstü,M6 Levent - Boğaziçi Ünv./Hisarüstü Metro Hattı,Mevcut Hattaki İstasyon,Metro,Avrupa Yakası Raylı Sistemler Müdürlüğü,"Rumeli Hisarı Mahallesi, İstanbul, Marmara Bölgesi, Türkiye"
İkitelli Sanayi,M3 Kirazlı - Kayaşehir Merkez Metro Hattı,Mevcut Hattaki İstasyon,Metro,Avrupa Yakası Raylı Sistemler Müdürlüğü,"Organize Sanayi Bölgesi Mahallesi, İstanbul, Marmara Bölgesi, Türkiye"
Başakşehir - Metrokent,M3 Kirazlı - Kayaşehir Merkez Metro Hattı,Mevcut Hattaki İstasyon,Metro,Avrupa Yakası Raylı Sistemler Müdürlüğü,"Başak Mahallesi, Başakşehir, İstanbul, Marmara Bölgesi, 34480, Türkiye"
Küçükyalı,M4 Kadıköy - SGH Metro Hattı,Mevcut Hattaki İstasyon,Metro,Anadolu Yakası Raylı Sistemler Müdürlüğü,"Çınar Mahallesi, İstanbul, Marmara Bölgesi, 34841, Türkiye"
Sultançifliği,T4 Topkapı - Mescid-i Selam Tramvay Hattı,Mevcut Hattaki İstasyon,Tramvay,Avrupa Yakası Raylı Sistemler Müdürlüğü,"Cebeci Mahallesi, Sultangazi, İstanbul, Marmara Bölgesi, Türkiye"
Şişhane - Zemin İstanbul,M2 Yenikapı Seyrantepe - Hacıosman Metro Hattı,Mevcut Hattaki İstasyon,Metro,Avrupa Yakası Raylı Sistemler Müdürlüğü,
Kadıköy,M4 Kadıköy - SGH Metro Hattı,Mevcut Hattaki İstasyon,Metro,Anadolu Yakası Raylı Sistemler Müdürlüğü,"Caferağa Mahallesi, İstanbul, Marmara Bölgesi, 34710, Türkiye"
Şişli,M2 Yenikapı Seyrantepe - Hacıosman Metro Hattı,Mevcut Hattaki İstasyon,Metro,Avrupa Yakası Raylı Sistemler Müdürlüğü,"Merkez Mahallesi, Şişli, İstanbul, Marmara Bölgesi, 34381, Türkiye"
Necip Fazıl,M5 Üsküdar - Çekmeköy Metro Hattı,Mevcut Hattaki İstasyon,Metro,Anadolu Yakası Raylı Sistemler Müdürlüğü,"Necip Fazıl Mahallesi, Ümraniye, İstanbul, Marmara Bölgesi, Türkiye"
Kartal,Halkalı - Gebze Marmaray Yüzeysel Raylı Sistem Hattı,Mevcut Hattaki İstasyon,Banliyö,Ulaştırma Bakanlığı,"Çavuşoğlu Mahallesi, İstanbul, Marmara Bölgesi, Türkiye"
Söğütlüçeşme,Halkalı - Gebze Marmaray Yüzeysel Raylı Sistem Hattı,Mevcut Hattaki İstasyon,Banliyö,Ulaştırma Bakanlığı,"Zühtüpaşa Mahallesi, Kadıköy, İstanbul, Marmara Bölgesi, Türkiye"
Yeşilpınar,M7 Yıldız - Mahmutbey Metro Hattı,Mevcut Hattaki İstasyon,Metro,Avrupa Yakası Raylı Sistemler Müdürlüğü,"Yeşilpınar Mahallesi, Eyüpsultan, İstanbul, Marmara Bölgesi, 34065, Türkiye"
İmam Hatip,M5 Üsküdar - Çekmeköy Metro Hattı,Mevcut Hattaki İstasyon,Metro,Anadolu Yakası Raylı Sistemler Müdürlüğü,"Adem Yavuz Mahallesi, Ümraniye, İstanbul, Marmara Bölgesi, Türkiye"
Kazlıçeşme,Halkalı - Gebze Marmaray Yüzeysel Raylı Sistem Hattı,Mevcut Hattaki İstasyon,Banliyö,Ulaştırma Bakanlığı,"Kazlıçeşme Mahallesi, Zeytinburnu, İstanbul, Marmara Bölgesi, 34020, Türkiye"
Altınşehir,M5 Üsküdar - Çekmeköy Metro Hattı,Mevcut Hattaki İstasyon,Metro,Anadolu Yakası Raylı Sistemler Müdürlüğü,"Cemil Meriç Mahallesi, Ümraniye, İstanbul, Marmara Bölgesi, Türkiye"
Yenikapı,Halkalı - Gebze Marmaray Yüzeysel Raylı Sistem Hattı,Mevcut Hattaki İstasyon,Banliyö,Ulaştırma Bakanlığı,"Aksaray Mahallesi, Fatih, İstanbul, Marmara Bölgesi, 34096, Türkiye"
Altunizade,M5 Üsküdar - Çekmeköy Metro Hattı,Mevcut Hattaki İstasyon,Metro,Anadolu Yakası Raylı Sistemler Müdürlüğü,"Küçük Çamlıca Mahallesi, Üsküdar, İstanbul, Marmara Bölgesi, 34694, Türkiye"
Ihlamurkuyu,M5 Üsküdar - Çekmeköy Metro Hattı,Mevcut Hattaki İstasyon,Metro,Anadolu Yakası Raylı Sistemler Müdürlüğü,"Ihlamurkuyu Mahallesi, Ümraniye, İstanbul, Marmara Bölgesi, Türkiye"
Çekmeköy,M5 Üsküdar - Çekmeköy Metro Hattı,Mevcut Hattaki İstasyon,Metro,Anadolu Yakası Raylı Sistemler Müdürlüğü,"Mehmet Akif Mahallesi, Çekmeköy, İstanbul, Marmara Bölgesi, Türkiye"
Göztepe,Halkalı - Gebze Marmaray Yüzeysel Raylı Sistem Hattı,Mevcut Hattaki İstasyon,Banliyö,Ulaştırma Bakanlığı,"Göztepe Mahallesi, Kadıköy, İstanbul, Marmara Bölgesi, Türkiye"
Tuzla,Halkalı - Gebze Marmaray Yüzeysel Raylı Sistem Hattı,Mevcut Hattaki İstasyon,Banliyö,Ulaştırma Bakanlığı,"İstasyon Mahallesi, İstanbul, Marmara Bölgesi, Türkiye"
İDO,T3 Kadıköy - Moda Nostaljik Tramvay Hattı,Mevcut Hattaki İstasyon,Tramvay,Avrupa Yakası Raylı Sistemler Müdürlüğü,"Caferağa Mahallesi, İstanbul, Marmara Bölgesi, 34710, Türkiye"
Hastane - Adliye,M4 Kadıköy - SGH Metro Hattı,Mevcut Hattaki İstasyon,Metro,Anadolu Yakası Raylı Sistemler Müdürlüğü,"Cevizli Mahallesi, İstanbul, Marmara Bölgesi, 34865, Türkiye"
Osmanbey,M2 Yenikapı Seyrantepe - Hacıosman Metro Hattı,Mevcut Hattaki İstasyon,Metro,Avrupa Yakası Raylı Sistemler Müdürlüğü,"Halaskargazi Mahallesi, Şişli, İstanbul, Marmara Bölgesi, 34371, Türkiye"
Topkapı - Ulubatlı,M1A Yenikapı - Atatürk Havalimanı Metro Hattı,Mevcut Hattaki İstasyon,Metro,Avrupa Yakası Raylı Sistemler Müdürlüğü,"Karagümrük Mahallesi, Fatih, İstanbul, Marmara Bölgesi, Türkiye"
Merter,M1A Yenikapı - Atatürk Havalimanı Metro Hattı,Mevcut Hattaki İstasyon,Metro,Anadolu Yakası Raylı Sistemler Müdürlüğü,"Abdurrahman Nafiz Gürman Mahallesi, Güngören, İstanbul, Marmara Bölgesi, 34173, Türkiye"
Cevizlibağ,T1 Kabataş - Bağcılar Tramvay Hattı,Mevcut Hattaki İstasyon,Tramvay,Avrupa Yakası Raylı Sistemler Müdürlüğü,"Merkezefendi Mahallesi, Zeytinburnu, İstanbul, Marmara Bölgesi, Türkiye"
Esenkent,M4 Kadıköy - SGH Metro Hattı,Mevcut Hattaki İstasyon,Metro,Anadolu Yakası Raylı Sistemler Müdürlüğü,"Esenkent Mahallesi, İstanbul, Marmara Bölgesi, Türkiye"
Ziya Gökalp Mahallesi,M9 Bahariye - Olimpiyat Metro Hattı,Mevcut Hattaki İstasyon,Metro,Avrupa Yakası Raylı Sistemler Müdürlüğü,"Ziya Gökalp Mahallesi, Başakşehir, İstanbul, Marmara Bölgesi, Türkiye"
Nispetiye,M6 Levent - Boğaziçi Ünv./Hisarüstü Metro Hattı,Mevcut Hattaki İstasyon,Metro,Avrupa Yakası Raylı Sistemler Müdürlüğü,"Akat Mahallesi, İstanbul, Marmara Bölgesi, 34335, Türkiye"
Turgut Özal,M3 Kirazlı - Kayaşehir Merkez Metro Hattı,Mevcut Hattaki İstasyon,Metro,Avrupa Yakası Raylı Sistemler Müdürlüğü,"Organize Sanayi Bölgesi Mahallesi, İstanbul, Marmara Bölgesi, Türkiye"
Emniyet - Fatih,M1A Yenikapı - Atatürk Havalimanı Metro Hattı,Mevcut Hattaki İstasyon,Metro,Avrupa Yakası Raylı Sistemler Müdürlüğü,"Akşemsettin Mahallesi, Fatih, İstanbul, Marmara Bölgesi, 34080, Türkiye"
Bosna Çukurçeşme,T4 Topkapı - Mescid-i Selam Tramvay Hattı,Mevcut Hattaki İstasyon,Tramvay,Avrupa Yakası Raylı Sistemler Müdürlüğü,"Yıldırım Mahallesi, İstanbul, Marmara Bölgesi, Türkiye"
Göztepe,M4 Kadıköy - SGH Metro Hattı,Mevcut Hattaki İstasyon,Metro,Anadolu Yakası Raylı Sistemler Müdürlüğü,"Ünalan Mahallesi, Üsküdar, İstanbul, Marmara Bölgesi, 34700, Türkiye"
Akşemsettin,T1 Kabataş - Bağcılar Tramvay Hattı,Mevcut Hattaki İstasyon,Tramvay,Avrupa Yakası Raylı Sistemler Müdürlüğü,"Seyitnizam Mahallesi, Zeytinburnu, İstanbul, Marmara Bölgesi, 34015, Türkiye"
Yenikapı,M2 Yenikapı Seyrantepe - Hacıosman Metro Hattı,Mevcut Hattaki İstasyon,Metro,Avrupa Yakası Raylı Sistemler Müdürlüğü,"Aksaray Mahallesi, Fatih, İstanbul, Marmara Bölgesi, 34096, Türkiye"
Üçyüzlü,M1B Yenikapı - Kirazlı Metro Hattı,Mevcut Hattaki İstasyon,Metro,Avrupa Yakası Raylı Sistemler Müdürlüğü,"Bağcılar Merkez Mahallesi, Bağcılar, İstanbul, Marmara Bölgesi, Türkiye"
Beyazıt,T1 Kabataş - Bağcılar Tramvay Hattı,Mevcut Hattaki İstasyon,Tramvay,Avrupa Yakası Raylı Sistemler Müdürlüğü,"Beyazıt Mahallesi, Fatih, İstanbul, Marmara Bölgesi, Türkiye"
Zeytinburnu,M1A Yenikapı - Atatürk Havalimanı Metro Hattı,Mevcut Hattaki İstasyon,Metro,Avrupa Yakası Raylı Sistemler Müdürlüğü,"Osmaniye Mahallesi, Bakırköy, İstanbul, Marmara Bölgesi, 34146, Türkiye"
Cumhuriyet Mah.,T4 Topkapı - Mescid-i Selam Tramvay Hattı,Mevcut Hattaki İstasyon,Tramvay,Avrupa Yakası Raylı Sistemler Müdürlüğü,"Oruçreis Mahallesi, Esenler, İstanbul, Marmara Bölgesi, 34235, Türkiye"
Dünya  Ticaret Merkezi,M1A Yenikapı - Atatürk Havalimanı Metro Hattı,Mevcut Hattaki İstasyon,Metro,Avrupa Yakası Raylı Sistemler Müdürlüğü,"Yeşilköy Mahallesi, Bakırköy, İstanbul, Marmara Bölgesi, Türkiye"
Yamanevler,M5 Üsküdar - Çekmeköy Metro Hattı,Mevcut Hattaki İstasyon,Metro,Anadolu Yakası Raylı Sistemler Müdürlüğü,"Yamanevler Mahallesi, Ümraniye, İstanbul, Marmara Bölgesi, Türkiye"
Feneryolu,Halkalı - Gebze Marmaray Yüzeysel Raylı Sistem Hattı,Mevcut Hattaki İstasyon,Banliyö,Ulaştırma Bakanlığı,"Feneryolu Mahallesi, Kadıköy, İstanbul, Marmara Bölgesi, Türkiye"
Kaynarca,Halkalı - Gebze Marmaray Yüzeysel Raylı Sistem Hattı,Mevcut Hattaki İstasyon,Banliyö,Ulaştırma Bakanlığı,"Kaynarca Mahallesi, Pendik, İstanbul, Marmara Bölgesi, 34890, Türkiye"
Nurtepe,M7 Yıldız - Mahmutbey Metro Hattı,Mevcut Hattaki İstasyon,Metro,Avrupa Yakası Raylı Sistemler Müdürlüğü,"Nurtepe Mahallesi, Kağıthane, İstanbul, Marmara Bölgesi, Türkiye"
Aydıntepe,Halkalı - Gebze Marmaray Yüzeysel Raylı Sistem Hattı,Mevcut Hattaki İstasyon,Banliyö,Ulaştırma Bakanlığı,"Aydıntepe Mahallesi, Tuzla, İstanbul, Marmara Bölgesi, Türkiye"
Cevizli,Halkalı - Gebze Marmaray Yüzeysel Raylı Sistem Hattı,Mevcut Hattaki İstasyon,Banliyö,Ulaştırma Bakanlığı,"Orhantepe Mahallesi, İstanbul, Marmara Bölgesi, Türkiye"
Yenimahalle,Halkalı - Gebze Marmaray Yüzeysel Raylı Sistem Hattı,Mevcut Hattaki İstasyon,Banliyö,Ulaştırma Bakanlığı,"Kartaltepe Mahallesi, Bakırköy, İstanbul, Marmara Bölgesi, 34145, Türkiye"
Alibeyköy,M7 Yıldız - Mahmutbey Metro Hattı,Mevcut Hattaki İstasyon,Metro,Avrupa Yakası Raylı Sistemler Müdürlüğü,"Alibeyköy Mahallesi, Eyüpsultan, İstanbul, Marmara Bölgesi, Türkiye"
Başak,Halkalı - Gebze Marmaray Yüzeysel Raylı Sistem Hattı,Mevcut Hattaki İstasyon,Banliyö,Ulaştırma Bakanlığı,"Petrol-İş Mahallesi, İstanbul, Marmara Bölgesi, 34862, Türkiye"
Eminönü,T1 Kabataş - Bağcılar Tramvay Hattı,Mevcut Hattaki İstasyon,Tramvay,Avrupa Yakası Raylı Sistemler Müdürlüğü,"Hobyar Mahallesi, Fatih, İstanbul, Marmara Bölgesi, 34112, Türkiye"
Topçular,T4 Topkapı - Mescid-i Selam Tramvay Hattı,Mevcut Hattaki İstasyon,Tramvay,Avrupa Yakası Raylı Sistemler Müdürlüğü,"Topçular Mahallesi, Eyüpsultan, İstanbul, Marmara Bölgesi, 34055, Türkiye"
Bahçelievler,M1A Yenikapı - Atatürk Havalimanı Metro Hattı,Mevcut Hattaki İstasyon,Metro,Avrupa Yakası Raylı Sistemler Müdürlüğü,"Bahçelievler Mahallesi, Bahçelievler, İstanbul, Marmara Bölgesi, 34180, Türkiye"
Terazidere,M1A Yenikapı - Atatürk Havalimanı Metro Hattı,Mevcut Hattaki İstasyon,Metro,Avrupa Yakası Raylı Sistemler Müdürlüğü,"Namık Kemal Mahallesi, Esenler, İstanbul, Marmara Bölgesi, Türkiye"
İskele,T3 Kadıköy - Moda Nostaljik Tramvay Hattı,Mevcut Hattaki İstasyon,Tramvay,Anadolu Yakası Raylı Sistemler Müdürlüğü,"Caferağa Mahallesi, İstanbul, Marmara Bölgesi, 34710, Türkiye"
Sağmalcılar,M1A Yenikapı - Atatürk Havalimanı Metro Hattı,Mevcut Hattaki İstasyon,Metro,Avrupa Yakası Raylı Sistemler Müdürlüğü,"İsmetpaşa Mahallesi, Bayrampaşa, İstanbul, Marmara Bölgesi, Türkiye"
50.Yıl,T4 Topkapı - Mescid-i Selam Tramvay Hattı,Mevcut Hattaki İstasyon,Tramvay,Avrupa Yakası Raylı Sistemler Müdürlüğü,"Oruçreis Mahallesi, Esenler, İstanbul, Marmara Bölgesi, 34235, Türkiye"
Sanayi Mah.,M2 Yenikapı Seyrantepe - Hacıosman Metro Hattı,Mevcut Hattaki İstasyon,Metro,Avrupa Yakası Raylı Sistemler Müdürlüğü,"Konaklar Mahallesi, Beşiktaş, İstanbul, Marmara Bölgesi, 34330, Türkiye"
Sarıgazi,M5 Çekmeköy-Sultanbeyli Metro Hattı Uzatması,İnşaat Aşamasında,Metro,Anadolu Yakası Raylı Sistemler Müdürlüğü,"İnönü Mahallesi, İstanbul, Marmara Bölgesi, Türkiye"
Mevlana,M8 Bostancı - Dudullu Metro Hattı,Mevcut Hattaki İstasyon,Metro,Anadolu Yakası Raylı Sistemler Müdürlüğü,"Mevlana Mahallesi, İstanbul, Türkiye"
Fulya,M7 Yıldız - Mahmutbey Metro Hattı,Mevcut Hattaki İstasyon,Metro,Avrupa Yakası Raylı Sistemler Müdürlüğü,"Gayrettepe Mahallesi, İstanbul, Marmara Bölgesi, Türkiye"
Beşiktaş,M7 (U2) Kabataş - Mecidiyeköy Metro Hattı,İnşaat Aşamasında,Metro,Avrupa Yakası Raylı Sistemler Müdürlüğü,"Cihannüma Mahallesi, Beşiktaş, İstanbul, Marmara Bölgesi, 34022, Türkiye"
Yıldız,M7 Yıldız - Mahmutbey Metro Hattı,Mevcut Hattaki İstasyon,Metro,Avrupa Yakası Raylı Sistemler Müdürlüğü,"Yıldız Mahallesi, Beşiktaş, İstanbul, Marmara Bölgesi, Türkiye"
Esenyurt Meydanı,M7 (U4) Mahmutbey - Bahçeşehir- Esenyurt Metro Hattı,İnşaat Aşamasında,Metro,Raylı Sistem Projeler Müdürlüğü,"Bağlarçeşme Mahallesi, İstanbul, Marmara Bölgesi, Türkiye"
Seyrantepe,M2 Yenikapı Seyrantepe - Hacıosman Metro Hattı,Mevcut Hattaki İstasyon,Metro,Avrupa Yakası Raylı Sistemler Müdürlüğü,"Huzur Mahallesi, Sarıyer, İstanbul, Marmara Bölgesi, 34485, Türkiye"
Akıncılar,T1 Kabataş - Bağcılar Tramvay Hattı,Mevcut Hattaki İstasyon,Tramvay,Avrupa Yakası Raylı Sistemler Müdürlüğü,"Akıncılar Mahallesi, İstanbul, Marmara Bölgesi, Türkiye"
Ayvansaray,T5 Eminönü - Alibeyköy Cep Otogarı Tramvay Hattı,Mevcut Hattaki İstasyon,Tramvay,Avrupa Yakası Raylı Sistemler Müdürlüğü,"Ayvansaray Mahallesi, Fatih, İstanbul, Marmara Bölgesi, 34087, Türkiye"
Eyüpsultan Devlet Hastanesi,T5 Eminönü - Alibeyköy Cep Otogarı Tramvay Hattı,Mevcut Hattaki İstasyon,Tramvay,Avrupa Yakası Raylı Sistemler Müdürlüğü,"Merkez Mahallesi, Eyüpsultan, İstanbul, Marmara Bölgesi, 0000, Türkiye"
Silahtarağa Mahallesi,T5 Eminönü - Alibeyköy Cep Otogarı Tramvay Hattı,Mevcut Hattaki İstasyon,Tramvay,Avrupa Yakası Raylı Sistemler Müdürlüğü,"Silahtarağa Mahallesi, Eyüpsultan, İstanbul, Marmara Bölgesi, Türkiye"
Karaköy,F2 Karaköy - Beyoğlu Tünel Füniküler Hattı,Mevcut Hattaki İstasyon,Füniküler,Avrupa Yakası Raylı Sistemler Müdürlüğü,"Arap Cami Mahallesi, İstanbul, Marmara Bölgesi, 34421, Türkiye"
Tünel,F2 Karaköy - Beyoğlu Tünel Füniküler Hattı,Mevcut Hattaki İstasyon,Füniküler,Avrupa Yakası Raylı Sistemler Müdürlüğü,"Şahkulu Mahallesi, İstanbul, Marmara Bölgesi, Türkiye"
İkitelli Sanayi,M9 Bahariye - Olimpiyat Metro Hattı,Mevcut Hattaki İstasyon,Metro,Avrupa Yakası Raylı Sistemler Müdürlüğü,"Organize Sanayi Bölgesi Mahallesi, İstanbul, Marmara Bölgesi, Türkiye"
Çayırova,Halkalı - Gebze Marmaray Yüzeysel Raylı Sistem Hattı,Mevcut Hattaki İstasyon,Banliyö,Ulaştırma Bakanlığı,
Fatih,Halkalı - Gebze Marmaray Yüzeysel Raylı Sistem Hattı,Mevcut Hattaki İstasyon,Banliyö,Ulaştırma Bakanlığı,
Osmangazi,Halkalı - Gebze Marmaray Yüzeysel Raylı Sistem Hattı,Mevcut Hattaki İstasyon,Banliyö,Ulaştırma Bakanlığı,
Darıca,Halkalı - Gebze Marmaray Yüzeysel Raylı Sistem Hattı,Mevcut Hattaki İstasyon,Banliyö,Ulaştırma Bakanlığı,
Gebze,Halkalı - Gebze Marmaray Yüzeysel Raylı Sistem Hattı,Mevcut Hattaki İstasyon,Banliyö,Ulaştırma Bakanlığı,
Pier Loti,TF2 Eyüp - Pier Loti Teleferik Hattı,Mevcut Hattaki İstasyon,Teleferik,Avrupa Yakası Raylı Sistemler Müdürlüğü,"Merkez Mahallesi, Eyüpsultan, İstanbul, Marmara Bölgesi, 0000, Türkiye"
Eyüp,TF2 Eyüp - Pier Loti Teleferik Hattı,Mevcut Hattaki İstasyon,Teleferik,Avrupa Yakası Raylı Sistemler Müdürlüğü,"Merkez Mahallesi, Eyüpsultan, İstanbul, Marmara Bölgesi, 0000, Türkiye"
Maçka,TF1 Maçka - Taşkışla Teleferik Hattı,Mevcut Hattaki İstasyon,Teleferik,Avrupa Yakası Raylı Sistemler Müdürlüğü,"Harbiye Mahallesi, Şişli, İstanbul, Marmara Bölgesi, 34367, Türkiye"
Taşkışla,TF1 Maçka - Taşkışla Teleferik Hattı,Mevcut Hattaki İstasyon,Teleferik,Avrupa Yakası Raylı Sistemler Müdürlüğü,"Harbiye Mahallesi, Şişli, İstanbul, Marmara Bölgesi, 34367, Türkiye"
Hasdal,M11 Gayrettepe - İstanbul Havalimanı Metro Hattı,Mevcut Hattaki İstasyon,Metro,Ulaştırma Bakanlığı,"Mimar Sinan Mahallesi, Eyüpsultan, İstanbul, Marmara Bölgesi, Türkiye"
Yeni Havalimanı - 2,M11 Gayrettepe - İstanbul Havalimanı Metro Hattı,Mevcut Hattaki İstasyon,Metro,Ulaştırma Bakanlığı,"İmrahor Mahallesi, İstanbul, Marmara Bölgesi, Türkiye"
Yeni Havalimanı - 3,M11 Gayrettepe - İstanbul Havalimanı Metro Hattı,Mevcut Hattaki İstasyon,Metro,Ulaştırma Bakanlığı,"Tayakadın Mahallesi, İstanbul, Marmara Bölgesi, Türkiye"
Yeni Havalimanı - 1,M11 Gayrettepe - İstanbul Havalimanı Metro Hattı,Mevcut Hattaki İstasyon,Metro,Ulaştırma Bakanlığı,"İmrahor Mahallesi, İstanbul, Marmara Bölgesi, Türkiye"
Göktürk,M11 Gayrettepe - İstanbul Havalimanı Metro Hattı,Mevcut Hattaki İstasyon,Metro,Ulaştırma Bakanlığı,"Göktürk Merkez Mahallesi, Eyüpsultan, İstanbul, Marmara Bölgesi, 34077, Türkiye"
İhsaniye,M11 Gayrettepe - İstanbul Havalimanı Metro Hattı,Mevcut Hattaki İstasyon,Metro,Ulaştırma Bakanlığı,"İhsaniye Mahallesi, Eyüpsultan, İstanbul, Marmara Bölgesi, Türkiye"
Kemerburgaz,M11 Gayrettepe - İstanbul Havalimanı Metro Hattı,Mevcut Hattaki İstasyon,Metro,Ulaştırma Bakanlığı,"Mithatpaşa Mahallesi, Eyüpsultan, İstanbul, Marmara Bölgesi, 34075, Türkiye"
Kağıthane,M11 Gayrettepe - İstanbul Havalimanı Metro Hattı,Mevcut Hattaki İstasyon,Metro,Ulaştırma Bakanlığı,"Merkez Mahallesi, Kağıthane, İstanbul, Marmara Bölgesi, 34406, Türkiye"
Rumeli Hisarüstü,F4 Rumeli Hisarüstü - Aşiyan Füniküler Hattı,İnşaat Aşamasında,Füniküler,Avrupa Yakası Raylı Sistemler Müdürlüğü,"Bebek Mahallesi, Beşiktaş, İstanbul, Marmara Bölgesi, 34342, Türkiye"
Aşiyan,F4 Rumeli Hisarüstü - Aşiyan Füniküler Hattı,İnşaat Aşamasında,Füniküler,Avrupa Yakası Raylı Sistemler Müdürlüğü,"Bebek Mahallesi, Beşiktaş, İstanbul, Marmara Bölgesi, 34342, Türkiye"
Atatürk Mahallesi,M9 (U1) Ataköy -  Bahariye Hattı,İnşaat Aşamasında,Metro,Avrupa Yakası Raylı Sistemler Müdürlüğü,"Atatürk Mahallesi, Küçükçekmece, İstanbul, Marmara Bölgesi, 364303, Türkiye"
Kaynarca Merkez,"M10 Pendik - SGH Metro Hattı, Pendik - Fevzi Çakmak Etabı",İnşaat Aşamasında,Metro,Anadolu Yakası Raylı Sistemler Müdürlüğü,"Fevzi Çakmak Mahallesi, Pendik, İstanbul, Marmara Bölgesi, 34899, Türkiye"
Pendik,"M10 Pendik - SGH Metro Hattı, Pendik - Fevzi Çakmak Etabı",İnşaat Aşamasında,Metro,Anadolu Yakası Raylı Sistemler Müdürlüğü,"Yeni Mahalle, Pendik, İstanbul, Marmara Bölgesi, 34893, Türkiye"
Gayrettepe,Gayrettepe - İstanbul Havalimanı Metro Hattı,Mevcut Hattaki İstasyon,Metro,Ulaştırma Bakanlığı,"Esentepe Mahallesi, Şişli, İstanbul, Marmara Bölgesi, Türkiye"
Veysel Karani,M5 Çekmeköy-Sultanbeyli Metro Hattı Uzatması,İnşaat Aşamasında,Metro,Anadolu Yakası Raylı Sistemler Müdürlüğü,"Veysel Karani Mahallesi, İstanbul, Marmara Bölgesi, Türkiye"
Sancaktepe Şehir Hastanesi,M5 Çekmeköy-Sultanbeyli Metro Hattı Uzatması,İnşaat Aşamasında,Metro,Anadolu Yakası Raylı Sistemler Müdürlüğü,"Sarıgazi Mahallesi, İstanbul, Marmara Bölgesi, 34785, Türkiye"
Sultanbeyli,M5 Çekmeköy-Sultanbeyli Metro Hattı Uzatması,İnşaat Aşamasında,Metro,Anadolu Yakası Raylı Sistemler Müdürlüğü,"Mehmet Akif Mahallesi, İstanbul, Marmara Bölgesi, Türkiye"
Hasanpaşa,M5 Çekmeköy-Sultanbeyli Metro Hattı Uzatması,İnşaat Aşamasında,Metro,Anadolu Yakası Raylı Sistemler Müdürlüğü,"Hasanpaşa Mahallesi, İstanbul, Marmara Bölgesi, Türkiye"
Sancaktepe,M5 Çekmeköy-Sultanbeyli Metro Hattı Uzatması,İnşaat Aşamasında,Metro,Anadolu Yakası Raylı Sistemler Müdürlüğü,"Abdurrahmangazi Mahallesi, İstanbul, Marmara Bölgesi, 34887, Türkiye"
Meclis,M5 Çekmeköy-Sultanbeyli Metro Hattı Uzatması,İnşaat Aşamasında,Metro,Anadolu Yakası Raylı Sistemler Müdürlüğü,"Meclis Mahallesi, Sancaktepe, İstanbul, Marmara Bölgesi, Türkiye"
Samandıra Merkez,M5 Çekmeköy-Sultanbeyli Metro Hattı Uzatması,İnşaat Aşamasında,Metro,Anadolu Yakası Raylı Sistemler Müdürlüğü,"Osmangazi Mahallesi, İstanbul, Marmara Bölgesi, Türkiye"
Kaynarca Merkez,M4 Tavşantepe - Tuzla Metro Hattı Uzatması,İnşaat Aşamasında,Metro,Anadolu Yakası Raylı Sistemler Müdürlüğü,"Fevzi Çakmak Mahallesi, Pendik, İstanbul, Marmara Bölgesi, 34899, Türkiye"
Esenyalı,M4 Tavşantepe - Tuzla Metro Hattı Uzatması,İnşaat Aşamasında,Metro,Anadolu Yakası Raylı Sistemler Müdürlüğü,"Esenyalı Mahallesi, İstanbul, Marmara Bölgesi, Türkiye"
Çamçeşme,M4 Tavşantepe - Tuzla Metro Hattı Uzatması,İnşaat Aşamasında,Metro,Anadolu Yakası Raylı Sistemler Müdürlüğü,"Çamçeşme Mahallesi, İstanbul, Marmara Bölgesi, Türkiye"
Kavakpınar,M4 Tavşantepe - Tuzla Metro Hattı Uzatması,İnşaat Aşamasında,Metro,Anadolu Yakası Raylı Sistemler Müdürlüğü,"Kavakpınar Mahallesi, Pendik, İstanbul, Marmara Bölgesi, Türkiye"
Aydıntepe,M4 Tavşantepe - Tuzla Metro Hattı Uzatması,İnşaat Aşamasında,Metro,Anadolu Yakası Raylı Sistemler Müdürlüğü,"Esenyalı Mahallesi, İstanbul, Marmara Bölgesi, Türkiye"
İçmeler,M4 Tavşantepe - Tuzla Metro Hattı Uzatması,İnşaat Aşamasında,Metro,Anadolu Yakası Raylı Sistemler Müdürlüğü,"Evliya Çelebi Mahallesi, Tuzla, İstanbul, Marmara Bölgesi, 34944, Türkiye"
Sabiha Gökçen,M4 Kadıköy - SGH Metro Hattı,Mevcut Hattaki İstasyon,Metro,AYGM,"Sanayi Mahallesi, Pendik, İstanbul, Marmara Bölgesi, Türkiye"
Kurtköy,M4 Kadıköy - SGH Metro Hattı,Mevcut Hattaki İstasyon,Metro,AYGM,"Kurtköy Mahallesi, İstanbul, Marmara Bölgesi, Türkiye"
Yayalar - Şeyhli,M4 Kadıköy - SGH Metro Hattı,Mevcut Hattaki İstasyon,Metro,AYGM,"Yayalar Mahallesi, Pendik, İstanbul, Marmara Bölgesi, 34909, Türkiye"
Fevzi Çakmak - Hastane,M4 Kadıköy - SGH Metro Hattı,Mevcut Hattaki İstasyon,Metro,AYGM,"Fevzi Çakmak Mahallesi, Pendik, İstanbul, Marmara Bölgesi, 34899, Türkiye"
İmes,M8 Bostancı - Dudullu Metro Hattı,Mevcut Hattaki İstasyon,Metro,Anadolu Yakası Raylı Sistemler Müdürlüğü,"Esenşehir Mahallesi, Ümraniye, İstanbul, Marmara Bölgesi, Türkiye"
Parseller,M8 Bostancı - Dudullu Metro Hattı,Mevcut Hattaki İstasyon,Metro,Anadolu Yakası Raylı Sistemler Müdürlüğü,"Parseller Mahallesi, Ümraniye, İstanbul, Marmara Bölgesi, 34676, Türkiye"
Huzur,M8 Bostancı - Dudullu Metro Hattı,Mevcut Hattaki İstasyon,Metro,Anadolu Yakası Raylı Sistemler Müdürlüğü,"Adem Yavuz Mahallesi, Ümraniye, İstanbul, Marmara Bölgesi, Türkiye"
Haznedar,M3 Kirazlı-Bakırköy İDO Metro Hattı Uzatması,İnşaat Aşamasında,Metro,AYGM,"Bahçelievler Mahallesi, Bahçelievler, İstanbul, Marmara Bölgesi, 34180, Türkiye"
Malazgirt,M1B (U2) Kirazlı - Halkalı Metro Hattı,İnşaat Aşamasında,Metro,Avrupa Yakası Raylı Sistemler Müdürlüğü,
Barbaros,M1B (U2) Kirazlı - Halkalı Metro Hattı,İnşaat Aşamasında,Metro,Avrupa Yakası Raylı Sistemler Müdürlüğü,"Hürriyet Mahallesi, İstanbul, Marmara Bölgesi, 34118, Türkiye"
Molla Gürani,M3 Kirazlı-Bakırköy İDO Metro Hattı Uzatması,İnşaat Aşamasında,Metro,AYGM,"İnönü Mahallesi, Bağcılar, İstanbul, Marmara Bölgesi, 34000, Türkiye"
Yıldıztepe,M3 Kirazlı-Bakırköy İDO Metro Hattı Uzatması,İnşaat Aşamasında,Metro,AYGM,"Yıldıztepe Mahallesi, Bağcılar, İstanbul, Marmara Bölgesi, 34200, Türkiye"
Fatih,M1B (U2) Kirazlı - Halkalı Metro Hattı,İnşaat Aşamasında,Metro,Avrupa Yakası Raylı Sistemler Müdürlüğü,"Halkalı Merkez Mahallesi, Küçükçekmece, İstanbul, Marmara Bölgesi, 34303, Türkiye"
İncirli,M3 Kirazlı-Bakırköy İDO Metro Hattı Uzatması,İnşaat Aşamasında,Metro,AYGM,"Osmaniye Mahallesi, Bakırköy, İstanbul, Marmara Bölgesi, 34146, Türkiye"
Özgürlük Meydanı,M3 Kirazlı-Bakırköy İDO Metro Hattı Uzatması,İnşaat Aşamasında,Metro,AYGM,"Kartaltepe Mahallesi, Bakırköy, İstanbul, Marmara Bölgesi, 34145, Türkiye"
Küçükpazar,T5 Eminönü - Alibeyköy Cep Otogarı Tramvay Hattı,Mevcut Hattaki İstasyon,Tramvay,Avrupa Yakası Raylı Sistemler Müdürlüğü,"Sarıdemir Mahallesi, Fatih, İstanbul, Marmara Bölgesi, Türkiye"
Masko,M9 Bahariye - Olimpiyat Metro Hattı,İnşaat Aşamasında,Metro,Avrupa Yakası Raylı Sistemler Müdürlüğü,"Organize Sanayi Bölgesi Mahallesi, İstanbul, Marmara Bölgesi, Türkiye"
15 Temmuz,M9 (U1) Ataköy -  Bahariye Hattı,İnşaat Aşamasında,Metro,Avrupa Yakası Raylı Sistemler Müdürlüğü,"15 Temmuz Mahallesi, Bağcılar, İstanbul, Marmara Bölgesi, Türkiye"
Çobançeşme - Kuyumcukent,M9 (U1) Ataköy -  Bahariye Hattı,İnşaat Aşamasında,Metro,Avrupa Yakası Raylı Sistemler Müdürlüğü,"Yenibosna Merkez Mahallesi, İstanbul, Marmara Bölgesi, 34197, Türkiye"
Halkalı Caddesi,M9 (U1) Ataköy -  Bahariye Hattı,İnşaat Aşamasında,Metro,Avrupa Yakası Raylı Sistemler Müdürlüğü,"Halkalı Merkez Mahallesi, Küçükçekmece, İstanbul, Marmara Bölgesi, 34303, Türkiye"
Doğu Sanayi,M9 (U1) Ataköy -  Bahariye Hattı,İnşaat Aşamasında,Metro,Avrupa Yakası Raylı Sistemler Müdürlüğü,"Yenibosna Merkez Mahallesi, İstanbul, Marmara Bölgesi, 34197, Türkiye"
Mimar Sinan,M9 (U1) Ataköy -  Bahariye Hattı,İnşaat Aşamasında,Metro,Avrupa Yakası Raylı Sistemler Müdürlüğü,"Bağlar Mahallesi, Bağcılar, İstanbul, Marmara Bölgesi, 34212, Türkiye"
Yenibosna,M9 (U1) Ataköy -  Bahariye Hattı,İnşaat Aşamasında,Metro,Avrupa Yakası Raylı Sistemler Müdürlüğü,"Ataköy 7-8-9-10. Kısım Mahallesi, Bakırköy, İstanbul, Marmara Bölgesi, 34156, Türkiye"
Ataköy,M9 (U1) Ataköy -  Bahariye Hattı,İnşaat Aşamasında,Metro,Avrupa Yakası Raylı Sistemler Müdürlüğü,"Ataköy 2-5-6. Kısım Mahallesi, Bakırköy, İstanbul, Marmara Bölgesi, 34158, Türkiye"
İhlas Yuva,M9 (U1) Ataköy -  Bahariye Hattı,İnşaat Aşamasında,Metro,Avrupa Yakası Raylı Sistemler Müdürlüğü,"Yenibosna Merkez Mahallesi, İstanbul, Marmara Bölgesi, 34197, Türkiye"
İçerenköy,M8 Bostancı - Dudullu Metro Hattı,Mevcut Hattaki İstasyon,Metro,Anadolu Yakası Raylı Sistemler Müdürlüğü,"Kayışdağı Mahallesi, İstanbul, 34755, Türkiye"
İçerenköy,M8 Bostancı - Dudullu Metro Hattı,Mevcut Hattaki İstasyon,Metro,Anadolu Yakası Raylı Sistemler Müdürlüğü,"İçerenköy Mahallesi, İstanbul, Marmara Bölgesi, 34752, Türkiye"
Kozyatağı,M8 Bostancı - Dudullu Metro Hattı,Mevcut Hattaki İstasyon,Metro,Anadolu Yakası Raylı Sistemler Müdürlüğü,"İçerenköy Mahallesi, İstanbul, Marmara Bölgesi, 34752, Türkiye"
Ayşe Kadın,M8 Bostancı - Dudullu Metro Hattı,Mevcut Hattaki İstasyon,Metro,Anadolu Yakası Raylı Sistemler Müdürlüğü,"19 Mayıs Mahallesi, İstanbul, Marmara Bölgesi, 34736, Türkiye"
Bostancı,M8 Bostancı - Dudullu Metro Hattı,Mevcut Hattaki İstasyon,Metro,Anadolu Yakası Raylı Sistemler Müdürlüğü,"Altıntepe Mahallesi, İstanbul, Marmara Bölgesi, 34840, Türkiye"
Emin Ali Paşa,M8 Bostancı - Dudullu Metro Hattı,Mevcut Hattaki İstasyon,Metro,Anadolu Yakası Raylı Sistemler Müdürlüğü,"Bostancı Mahallesi, İstanbul, Marmara Bölgesi, 34744, Türkiye"
Kayışdağı,M8 Bostancı - Dudullu Metro Hattı,Mevcut Hattaki İstasyon,Metro,Anadolu Yakası Raylı Sistemler Müdürlüğü,"Kayışdağı Mahallesi, İstanbul, 34755, Türkiye"
Dudullu,M8 Bostancı - Dudullu Metro Hattı,Mevcut Hattaki İstasyon,Metro,Anadolu Yakası Raylı Sistemler Müdürlüğü,"Yukarı Dudullu Mahallesi, Ümraniye, İstanbul, Marmara Bölgesi, 34775, Türkiye"
Küçükbakkalköy,M8 Bostancı - Dudullu Metro Hattı,Mevcut Hattaki İstasyon,Metro,Anadolu Yakası Raylı Sistemler Müdürlüğü,"İçerenköy Mahallesi, İstanbul, Marmara Bölgesi, 34752, Türkiye"
Modoko - Keyap,M8 Bostancı - Dudullu Metro Hattı,Mevcut Hattaki İstasyon,Metro,Anadolu Yakası Raylı Sistemler Müdürlüğü,"Esenşehir Mahallesi, Ümraniye, İstanbul, Marmara Bölgesi, Türkiye"
Kabataş,M7 (U2) Kabataş - Mecidiyeköy Metro Hattı,İnşaat Aşamasında,Metro,Avrupa Yakası Raylı Sistemler Müdürlüğü,"Ömer Avni Mahallesi, İstanbul, Marmara Bölgesi, Türkiye"
Atatürk Mahallesi,M7 (U3) Mahmutbey - Bahçeşehir- Esenyurt Metro Hattı,İnşaat Aşamasında,Metro,Avrupa Yakası Raylı Sistemler Müdürlüğü,"Atatürk Mahallesi, Küçükçekmece, İstanbul, Marmara Bölgesi, 364303, Türkiye"
Ispartakule,M7 (U4) Mahmutbey - Bahçeşehir- Esenyurt Metro Hattı,İnşaat Aşamasında,Metro,Avrupa Yakası Raylı Sistemler Müdürlüğü,"Tahtakale Mahallesi, Avcılar, İstanbul, Marmara Bölgesi, Türkiye"
Hastane,M7 (U3) Mahmutbey - Bahçeşehir- Esenyurt Metro Hattı,İnşaat Aşamasında,Metro,Avrupa Yakası Raylı Sistemler Müdürlüğü,"Atakent Mahallesi, İstanbul, Marmara Bölgesi, 34307, Türkiye"
Tahtakale,M7 (U4) Mahmutbey - Bahçeşehir- Esenyurt Metro Hattı,İnşaat Aşamasında,Metro,Avrupa Yakası Raylı Sistemler Müdürlüğü,"Tahtakale Mahallesi, Avcılar, İstanbul, Marmara Bölgesi, Türkiye"
Toplu Konut,M7 (U3) Mahmutbey - Bahçeşehir- Esenyurt Metro Hattı,İnşaat Aşamasında,Metro,Avrupa Yakası Raylı Sistemler Müdürlüğü,"Atakent Mahallesi, İstanbul, Marmara Bölgesi, 34307, Türkiye"
Bahçeşehir,M7 (U4) Mahmutbey - Bahçeşehir- Esenyurt Metro Hattı,İnşaat Aşamasında,Metro,Avrupa Yakası Raylı Sistemler Müdürlüğü,"Bahçeşehir 2. Kısım Mahallesi, Başakşehir, İstanbul, Marmara Bölgesi, 34488, Türkiye"
Tema Park,M7 (U3) Mahmutbey - Bahçeşehir- Esenyurt Metro Hattı,İnşaat Aşamasında,Metro,Avrupa Yakası Raylı Sistemler Müdürlüğü,"Atakent Mahallesi, İstanbul, Marmara Bölgesi, 34307, Türkiye"
Ardıçlı,M7 (U4) Mahmutbey - Bahçeşehir- Esenyurt Metro Hattı,İnşaat Aşamasında,Metro,Avrupa Yakası Raylı Sistemler Müdürlüğü,"Ardıçlı Mahallesi, İstanbul, Marmara Bölgesi, Türkiye"
Esenkent,M7 (U4) Mahmutbey - Bahçeşehir- Esenyurt Metro Hattı,İnşaat Aşamasında,Metro,Avrupa Yakası Raylı Sistemler Müdürlüğü,"Koza Mahallesi, İstanbul, Marmara Bölgesi, Türkiye"
Bakırköy İDO,M3 Kirazlı-Bakırköy İDO Metro Hattı Uzatması,İnşaat Aşamasında,Metro,AYGM,"Ataköy 1. Kısım Mahallesi, Bakırköy, İstanbul, Marmara Bölgesi, Türkiye"
İlkyuva,M3 Kirazlı-Bakırköy İDO Metro Hattı Uzatması,İnşaat Aşamasında,Metro,AYGM,"Bahçelievler Mahallesi, Bahçelievler, İstanbul, Marmara Bölgesi, 34180, Türkiye"
Halkalı,M1B (U2) Kirazlı - Halkalı Metro Hattı,İnşaat Aşamasında,Metro,Avrupa Yakası Raylı Sistemler Müdürlüğü,"İstasyon Mahallesi, Küçükçekmece, İstanbul, Marmara Bölgesi, Türkiye"
Eminönü,T5 Eminönü - Alibeyköy Cep Otogarı Tramvay Hattı,Mevcut Hattaki İstasyon,Tramvay,Avrupa Yakası Raylı Sistemler Müdürlüğü,"Rüstempaşa Mahallesi, Fatih, İstanbul, Marmara Bölgesi, Türkiye"
Halkalı,M11 Halkalı - İstanbul Havalimanı Metro Hattı,İnşaat Aşamasında,Metro,AYGM,"İstasyon Mahallesi, Küçükçekmece, İstanbul, Marmara Bölgesi, Türkiye"
Mehmet Akif Ersoy,M1B (U2) Kirazlı - Halkalı Metro Hattı,İnşaat Aşamasında,Metro,Avrupa Yakası Raylı Sistemler Müdürlüğü,"Halkalı Merkez Mahallesi, Küçükçekmece, İstanbul, Marmara Bölgesi, 34303, Türkiye"
Tema Park,Halkalı - Arnavutköy - Yeni Havalimanı Metro Hattı,İnşaat Aşamasında,Metro,AYGM,"Atakent Mahallesi, İstanbul, Marmara Bölgesi, 34307, Türkiye"
Kayaşehir Merkez,M11 Halkalı - İstanbul Havalimanı Metro Hattı,İnşaat Aşamasında,Metro,AYGM,"Kayabaşı Mahallesi, Başakşehir, İstanbul, Marmara Bölgesi, 34494, Türkiye"
Bezirganbahçe,M1B (U2) Kirazlı - Halkalı Metro Hattı,İnşaat Aşamasında,Metro,Avrupa Yakası Raylı Sistemler Müdürlüğü,"İstasyon Mahallesi, Küçükçekmece, İstanbul, Marmara Bölgesi, Türkiye"
Olimpiyat,M11 Halkalı - İstanbul Havalimanı Metro Hattı,İnşaat Aşamasında,Metro,AYGM,"Ziya Gökalp Mahallesi, Başakşehir, İstanbul, Marmara Bölgesi, Türkiye"
Halkalı - Üniversite,M1B (U2) Kirazlı - Halkalı Metro Hattı,İnşaat Aşamasında,Metro,Avrupa Yakası Raylı Sistemler Müdürlüğü,"Halkalı Merkez Mahallesi, Küçükçekmece, İstanbul, Marmara Bölgesi, 34303, Türkiye"
Yenidoğan,M1B (U2) Kirazlı - Halkalı Metro Hattı,İnşaat Aşamasında,Metro,Avrupa Yakası Raylı Sistemler Müdürlüğü,"İstasyon Mahallesi, Küçükçekmece, İstanbul, Marmara Bölgesi, Türkiye"
Fenertepe,M11 Halkalı - İstanbul Havalimanı Metro Hattı,İnşaat Aşamasında,Metro,Ulaşım Planlama Müdürlüğü,"Başak Mahallesi, Başakşehir, İstanbul, Marmara Bölgesi, 34480, Türkiye"
Arnavutköy -2,M11 Halkalı - İstanbul Havalimanı Metro Hattı,İnşaat Aşamasında,Metro,Ulaşım Planlama Müdürlüğü,"Mehmet Akif Ersoy Mahallesi, İstanbul, Marmara Bölgesi, 34283, Türkiye"
Arnavutköy - 1,M11 Halkalı - İstanbul Havalimanı Metro Hattı,İnşaat Aşamasında,Metro,AYGM,"Arnavutköy Merkez Mahallesi, İstanbul, Marmara Bölgesi, Türkiye"
Mimar Sinan,M1B (U2) Kirazlı - Halkalı Metro Hattı,İnşaat Aşamasında,Metro,Avrupa Yakası Raylı Sistemler Müdürlüğü,"Bağlar Mahallesi, Bağcılar, İstanbul, Marmara Bölgesi, 34212, Türkiye"
Onurkent,M3 Kirazlı - Kayaşehir Merkez Metro Hattı,Mevcut Hattaki İstasyon,Metro,Avrupa Yakası Raylı Sistemler Müdürlüğü,"Başakşehir Mahallesi, Başakşehir, İstanbul, Marmara Bölgesi, 34480, Türkiye"
Şehir Hastanesi,M3 Kirazlı - Kayaşehir Merkez Metro Hattı,Mevcut Hattaki İstasyon,Metro,Avrupa Yakası Raylı Sistemler Müdürlüğü,"Başakşehir Mahallesi, Başakşehir, İstanbul, Marmara Bölgesi, 34480, Türkiye"
Toplu Konutlar,M3 Kirazlı - Kayaşehir Merkez Metro Hattı,Mevcut Hattaki İstasyon,Metro,Avrupa Yakası Raylı Sistemler Müdürlüğü,"Kayabaşı Mahallesi, Başakşehir, İstanbul, Marmara Bölgesi, 34494, Türkiye"
Kayaşehir Merkez,M3 Kirazlı - Kayaşehir Merkez Metro Hattı,Mevcut Hattaki İstasyon,Metro,Avrupa Yakası Raylı Sistemler Müdürlüğü,"Kayabaşı Mahallesi, Başakşehir, İstanbul, Marmara Bölgesi, 34494, Türkiye"
Göztepe 60. Yıl Parkı,M12 Göztepe-Ümraniye Metro Hattı,İnşaat Aşamasında,Metro,Anadolu Yakası Raylı Sistemler Müdürlüğü,"Caddebostan Mahallesi, İstanbul, Marmara Bölgesi, 34728, Türkiye"
Çarşı,M12 Göztepe-Ümraniye Metro Hattı,İnşaat Aşamasında,Metro,Anadolu Yakası Raylı Sistemler Müdürlüğü,"Yamanevler Mahallesi, Ümraniye, İstanbul, Marmara Bölgesi, Türkiye"
Atakent,M12 Göztepe-Ümraniye Metro Hattı,İnşaat Aşamasında,Metro,Anadolu Yakası Raylı Sistemler Müdürlüğü,"İstiklal Mahallesi, Ümraniye, İstanbul, Marmara Bölgesi, Türkiye"
Yeni Sahra,M12 Göztepe-Ümraniye Metro Hattı,İnşaat Aşamasında,Metro,Anadolu Yakası Raylı Sistemler Müdürlüğü,"Barbaros Mahallesi, Ataşehir, İstanbul, Marmara Bölgesi, 34746, Türkiye"
Finans Merkezi,M12 Göztepe-Ümraniye Metro Hattı,İnşaat Aşamasında,Metro,Anadolu Yakası Raylı Sistemler Müdürlüğü,"Finanskent Mahallesi, Ümraniye, İstanbul, Marmara Bölgesi, Türkiye"
Sahrayıcedit,M12 Göztepe-Ümraniye Metro Hattı,İnşaat Aşamasında,Metro,Anadolu Yakası Raylı Sistemler Müdürlüğü,"Sahrayıcedit Mahallesi, İstanbul, Marmara Bölgesi, Türkiye"
SBÜ Hastanesi,M12 Göztepe-Ümraniye Metro Hattı,İnşaat Aşamasında,Metro,Anadolu Yakası Raylı Sistemler Müdürlüğü,"İnkılap Mahallesi, Ümraniye, İstanbul, Marmara Bölgesi, Türkiye"
Site,M12 Göztepe-Ümraniye Metro Hattı,İnşaat Aşamasında,Metro,Anadolu Yakası Raylı Sistemler Müdürlüğü,"Site Mahallesi, Ümraniye, İstanbul, Marmara Bölgesi, Türkiye"
Ataşehir,M12 Göztepe-Ümraniye Metro Hattı,İnşaat Aşamasında,Metro,Anadolu Yakası Raylı Sistemler Müdürlüğü,"Barbaros Mahallesi, Ataşehir, İstanbul, Marmara Bölgesi, 34746, Türkiye"
Göztepe,M12 Göztepe-Ümraniye Metro Hattı,İnşaat Aşamasında,Metro,Anadolu Yakası Raylı Sistemler Müdürlüğü,"Göztepe Mahallesi, Kadıköy, İstanbul, Marmara Bölgesi, Türkiye"
Kazım Karabekir,M12 Göztepe-Ümraniye Metro Hattı,İnşaat Aşamasında,Metro,Anadolu Yakası Raylı Sistemler Müdürlüğü,"Elmalıkent Mahallesi, Ümraniye, İstanbul, Marmara Bölgesi, Türkiye"
Bölge Parkı,M7 (U3) Mahmutbey - Bahçeşehir- Esenyurt Metro Hattı,İnşaat Aşamasında,Metro,Avrupa Yakası Raylı Sistemler Müdürlüğü,"Mahmutbey Mahallesi, İstanbul, Marmara Bölgesi, 34218, Türkiye"
Feshane,T5 Eminönü - Alibeyköy Cep Otogarı Tramvay Hattı,Mevcut Hattaki İstasyon,Tramvay,Avrupa Yakası Raylı Sistemler Müdürlüğü,"Nişancı Mahallesi, Eyüpsultan, İstanbul, Marmara Bölgesi, 34050, Türkiye"
